GeneID,padj,pvalue,lfcSE,stat,log2FoldChange,baseMean,Symbol,Description
3952,1.22e-40,6.49e-45,0.5036,-14.062151,-7.0817725,3284.2,LEP,leptin
2321,1.05e-24,1.1199999999999999e-28,0.3246,-11.110326,-3.6065302,37569.32,FLT1,fms related receptor tyrosine kinase 1
652995,2.2e-24,3.51e-28,0.2521,-11.007575,-2.7751979,295.43,UCA1,urothelial cancer associated 1
1308,8.549999999999999e-24,1.82e-27,0.3363,-10.858252,-3.6510884,1437.37,COL17A1,collagen type XVII alpha 1 chain
9915,2.5e-17,6.66e-21,0.3644,-9.378983,-3.4176862,130.5,ARNT2,aryl hydrocarbon receptor nuclear translocator 2
1734,3.92e-17,1.25e-20,0.4764,-9.312111,-4.4361806,407.51,DIO2,iodothyronine deiodinase 2
723788,1.34e-16,4.99e-20,0.3313,-9.164201,-3.0364371,104.2,MIG7,replaced by ID 8412
6578,6.01e-16,2.56e-19,0.2112,-8.98609,-1.8979087,1596.18,SLCO2A1,solute carrier organic anion transporter family member 2A1
4582,9.09e-16,4.36e-19,0.3522,-8.927457,-3.1446324,121.61,MUC1,"mucin 1, cell surface associated"
26508,2.79e-15,1.49e-18,0.1771,8.790531,1.5566498,348.04,HEYL,hes related family bHLH transcription factor with YRPW motif like
1474,3.13e-15,1.83e-18,0.43,-8.767022,-3.7699545,31.16,CST6,cystatin E/M
7025,2.12e-14,1.35e-17,0.1861,8.53911,1.5890682,426.12,NR2F1,nuclear receptor subfamily 2 group F member 1
105370445,3.28e-14,2.27e-17,0.5533,-8.478973,-4.6912223,23.99,EGLN3-AS1,EGLN3 antisense RNA 1
8862,5.34e-14,3.98e-17,0.229,8.413399,1.9269077,438.23,APLN,apelin
100506211,8.34e-14,6.67e-17,0.3446,-8.35282,-2.8787671,37.83,MIR210HG,MIR210 host gene
7162,2.23e-13,1.9e-16,0.2633,-8.228133,-2.16666,293.25,TPBG,trophoblast glycoprotein
8470,3.55e-13,3.22e-16,0.1322,8.164804,1.0792573,704.43,SORBS2,sorbin and SH3 domain containing 2
255743,6.15e-12,5.9e-15,0.3261,-7.806098,-2.5453188,153.23,NPNT,nephronectin
7225,6.4e-12,6.48e-15,0.1597,7.794272,1.2444636,329.26,TRPC6,transient receptor potential cation channel subfamily C member 6
112399,1.8e-11,1.92e-14,0.4958,-7.655966,-3.7955964,235.13,EGLN3,egl-9 family hypoxia inducible factor 3
105377068,2.59e-11,2.9e-14,0.4899,-7.602566,-3.7242258,24.36,LINC02009,long intergenic non-protein coding RNA 2009
158158,4.16e-11,4.88e-14,0.3298,-7.535142,-2.485198,187.9,RASEF,RAS and EF-hand domain containing
1464,5.05e-11,6.19e-14,0.1839,7.504045,1.3799943,967.18,CSPG4,chondroitin sulfate proteoglycan 4
3880,1.6e-10,2.04e-13,0.2213,-7.345836,-1.625815,2546.53,KRT19,keratin 19
105374480,3.67e-10,4.89e-13,0.5343,-7.228271,-3.8622717,182.43,LOC105374480,uncharacterized LOC105374480
3624,7.16e-10,1.07e-12,0.3481,-7.121413,-2.4793029,8865.46,INHBA,inhibin subunit beta A
84245,7.16e-10,1.03e-12,0.1825,7.126056,1.3001854,255.16,MRI1,methylthioribose-1-phosphate isomerase 1
29943,1.06e-09,1.64e-12,0.512,-7.062174,-3.6155058,57.72,PADI1,peptidyl arginine deiminase 1
54210,1.08e-09,1.72e-12,0.4346,-7.055139,-3.0658787,172.21,TREM1,triggering receptor expressed on myeloid cells 1
56999,1.13e-09,1.87e-12,0.1732,7.044003,1.2199562,482.61,ADAMTS9,ADAM metallopeptidase with thrombospondin type 1 motif 9
100131176,1.33e-09,2.27e-12,0.3839,-7.016978,-2.6934958,76.03,WDR86-AS1,WDR86 antisense RNA 1
947,1.41e-09,2.57e-12,0.1706,6.999651,1.1941247,1549.43,CD34,CD34 molecule
4337,1.41e-09,2.53e-12,0.1713,7.00143,1.199685,291.41,MOCS1,molybdenum cofactor synthesis 1
51285,1.41e-09,2.63e-12,0.2134,6.995948,1.4932428,100.16,RASL12,RAS like family 12
2022,1.66e-09,3.19e-12,0.2522,-6.969231,-1.7576027,3280.81,ENG,endoglin
105376939,1.77e-09,3.49e-12,0.6257,-6.956474,-4.3527009,34.56,LOC105376939,uncharacterized LOC105376939
109,1.79e-09,3.69e-12,0.1784,6.948599,1.239471,601.55,ADCY3,adenylate cyclase 3
105373242,1.79e-09,3.72e-12,0.1685,-6.947588,-1.1708256,239.85,LOC105373242,uncharacterized LOC105373242
3623,1.88e-09,4e-12,0.365,-6.937205,-2.5318412,511.45,INHA,inhibin subunit alpha
203100,2.49e-09,5.43e-12,0.631,-6.893727,-4.3499019,2307.76,HTRA4,HtrA serine peptidase 4
105376938,2.54e-09,5.69e-12,0.5486,-6.887181,-3.7785798,68.08,LOC105376938,uncharacterized LOC105376938
101929272,5.13e-09,1.18e-11,0.2174,6.78256,1.4746646,93.6,DTNB-AS1,DTNB antisense RNA 1
196740,5.13e-09,1.2e-11,0.1519,6.779841,1.0297975,194.49,VSTM4,V-set and transmembrane domain containing 4
57210,5.2e-09,1.25e-11,0.2128,6.77463,1.4414034,505.34,SLC45A4,solute carrier family 45 member 4
9241,6.11e-09,1.5e-11,0.553,-6.748006,-3.7314039,87.44,NOG,noggin
387882,8.85e-09,2.22e-11,0.4256,-6.690962,-2.8475068,90.41,C12orf75,chromosome 12 open reading frame 75
112268037,9.83e-09,2.51e-11,0.4463,-6.672496,-2.9780007,28.88,LOC112268037,
79858,1.02e-08,2.69e-11,0.2636,-6.662415,-1.7559438,212.82,NEK11,NIMA related kinase 11
10272,1.02e-08,2.73e-11,0.6449,-6.660558,-4.2956942,4746.25,FSTL3,follistatin like 3
3099,1.26e-08,3.41e-11,0.4456,-6.627473,-2.9532505,237.74,HK2,hexokinase 2
103752554,1.3e-08,3.67e-11,0.4501,-6.617,-2.9783276,33.19,MYCNUT,MYCN upstream transcript
6581,1.3e-08,3.65e-11,0.1955,6.617575,1.2937898,358.07,SLC22A3,solute carrier family 22 member 3
353149,1.41e-08,4.05e-11,0.4941,-6.602059,-3.2622986,25.87,TBC1D26,TBC1 domain family member 26
10319,1.54e-08,4.61e-11,0.2048,6.583056,1.3482632,1634.82,LAMC3,laminin subunit gamma 3
359845,1.54e-08,4.59e-11,0.2188,6.583578,1.4405975,238.43,RFLNB,refilin B
285954,1.61e-08,4.88e-11,0.3046,-6.574518,-2.0026779,74.91,INHBA-AS1,INHBA antisense RNA 1
100129781,1.63e-08,5.04e-11,0.3677,-6.569874,-2.4159023,53.0,MIR193BHG,MIR193b-365a host gene
25960,1.63e-08,5.12e-11,0.2023,6.567301,1.328454,879.65,ADGRA2,adhesion G protein-coupled receptor A2
4915,1.66e-08,5.31e-11,0.4568,-6.562095,-2.9973916,105.92,NTRK2,neurotrophic receptor tyrosine kinase 2
7127,1.89e-08,6.13e-11,0.268,-6.540586,-1.753048,861.33,TNFAIP2,TNF alpha induced protein 2
57188,1.98e-08,6.53e-11,0.2079,6.531106,1.3576023,308.72,ADAMTSL3,ADAMTS like 3
105378525,2.17e-08,7.39e-11,0.3698,-6.512472,-2.4083793,61.27,LOC105378525,uncharacterized LOC105378525
10418,2.17e-08,7.39e-11,0.1655,6.512565,1.0778339,340.64,SPON1,spondin 1
9644,2.18e-08,7.54e-11,0.1905,-6.509422,-1.2403564,2740.44,SH3PXD2A,SH3 and PX domains 2A
55576,2.45e-08,8.63e-11,0.4532,-6.489138,-2.9411608,79.93,STAB2,stabilin 2
389336,3.72e-08,1.35e-10,0.4984,-6.42167,-3.2006076,27.58,C5orf46,chromosome 5 open reading frame 46
255480,4.09e-08,1.5e-10,0.1959,6.405139,1.2548131,105.29,TBX5-AS1,TBX5 antisense RNA 1
3241,4.3e-08,1.63e-10,0.2652,-6.39291,-1.6953961,372.81,HPCAL1,hippocalcin like 1
102723566,5.43e-08,2.08e-10,0.2467,-6.355166,-1.5680732,386.62,LOC102723566,uncharacterized LOC102723566
6676,5.65e-08,2.2e-10,0.3468,-6.346915,-2.2008595,50.78,SPAG4,sperm associated antigen 4
57482,5.94e-08,2.34e-10,0.2754,6.337009,1.7451782,96.48,CRACD,capping protein inhibiting regulator of actin dynamics
105370135,6.38e-08,2.55e-10,0.6414,-6.323832,-4.0561853,22.07,LOC105370135,uncharacterized LOC105370135
338442,7.08e-08,2.9e-10,0.4141,-6.303768,-2.6102614,26.12,HCAR2,hydroxycarboxylic acid receptor 2
131405,7.29e-08,3.1e-10,0.4744,-6.293478,-2.9854925,62.22,TRIM71,tripartite motif containing 71
84632,7.29e-08,3.05e-10,0.2016,6.296233,1.2696055,265.26,AFAP1L2,actin filament associated protein 1 like 2
10052,7.29e-08,3.13e-10,0.1909,6.292384,1.2011459,744.1,GJC1,gap junction protein gamma 1
50509,7.29e-08,3.15e-10,0.2911,6.29141,1.8314975,693.77,COL5A3,collagen type V alpha 3 chain
9467,7.98e-08,3.49e-10,0.3177,-6.275495,-1.9938207,646.4,SH3BP5,SH3 domain binding protein 5
60676,8.34e-08,3.69e-10,0.4359,-6.2666,-2.7318171,68885.44,PAPPA2,pappalysin 2
105379051,9.42e-08,4.27e-10,0.5284,-6.243964,-3.299611,37.3,LOC105379051,uncharacterized LOC105379051
3908,9.42e-08,4.27e-10,0.1894,6.243948,1.1827789,3603.49,LAMA2,laminin subunit alpha 2
79834,1.14e-07,5.24e-10,0.1678,6.211847,1.0421353,1012.32,PEAK1,pseudopodium enriched atypical kinase 1
79816,1.14e-07,5.26e-10,0.2882,-6.210998,-1.7899842,79.63,TLE6,"TLE family member 6, subcortical maternal complex member"
84561,1.21e-07,5.65e-10,0.4266,-6.199772,-2.6448395,84.7,SLC12A8,solute carrier family 12 member 8
642446,1.37e-07,6.48e-10,0.5596,-6.178244,-3.4575474,14.95,TRIM64B,tripartite motif containing 64B
2829,1.4e-07,6.71e-10,0.3938,-6.17288,-2.4309997,104.38,XCR1,X-C motif chemokine receptor 1
55722,1.41e-07,6.84e-10,0.2848,-6.169638,-1.7572303,136.73,CEP72,centrosomal protein 72
730,1.65e-07,8.16e-10,0.2925,6.141783,1.7966341,2112.2,C7,complement C7
54733,1.93e-07,9.84e-10,0.2141,-6.111916,-1.3086019,195.07,SLC35F2,solute carrier family 35 member F2
105378526,2.53e-07,1.31e-09,0.3068,-6.066158,-1.8608079,204.95,LOC105378526,
2591,2.62e-07,1.37e-09,0.3718,-6.059264,-2.2528213,86.51,GALNT3,polypeptide N-acetylgalactosaminyltransferase 3
387715,2.83e-07,1.49e-09,0.5766,-6.045163,-3.4854047,124.86,ARMS2,age-related maculopathy susceptibility 2
4804,3.2e-07,1.71e-09,0.3032,6.023407,1.8264002,151.68,NGFR,nerve growth factor receptor
102723596,3.28e-07,1.77e-09,0.618,-6.017999,-3.7192029,63.97,LOC102723596,uncharacterized LOC102723596
4137,3.39e-07,1.84e-09,0.2639,6.011132,1.5860637,155.84,MAPT,microtubule associated protein tau
105375574,3.68e-07,2.04e-09,0.2375,5.994519,1.4234885,74.28,LOC105375574,
220001,3.68e-07,2.02e-09,0.3398,-5.996086,-2.0376016,154.12,VWCE,von Willebrand factor C and EGF domains
112724,4.19e-07,2.35e-09,0.2887,-5.971791,-1.7242216,1508.29,RDH13,retinol dehydrogenase 13
25797,4.38e-07,2.47e-09,0.4013,-5.963218,-2.393158,45.85,QPCT,glutaminyl-peptide cyclotransferase
2242,4.99e-07,2.84e-09,0.1804,5.940331,1.0718887,197.71,FES,"FES proto-oncogene, tyrosine kinase"
23526,5.76e-07,3.31e-09,0.368,-5.915295,-2.1767577,640.84,ARHGAP45,Rho GTPase activating protein 45
54538,6.36e-07,3.7e-09,0.1786,5.897292,1.0531759,479.29,ROBO4,roundabout guidance receptor 4
2630,6.55e-07,3.84e-09,0.2309,-5.891052,-1.3602744,246.17,GBAP1,glucosylceramidase beta pseudogene 1
1827,7.2e-07,4.26e-09,0.1837,5.87384,1.0790084,446.52,RCAN1,regulator of calcineurin 1
105377105,7.31e-07,4.36e-09,0.2921,-5.869814,-1.7146617,155.42,FLNB-AS1,FLNB antisense RNA 1
100126326,7.38e-07,4.44e-09,0.5791,-5.866854,-3.397576,17.87,MIR936,microRNA 936
644861,7.41e-07,4.54e-09,0.6932,-5.863187,-4.0641291,15.93,NBPF13P,"NBPF member 13, pseudogene"
2196,8.15e-07,5.04e-09,0.5384,-5.845931,-3.1475014,377.09,FAT2,FAT atypical cadherin 2
6535,8.96e-07,5.59e-09,0.2328,-5.828652,-1.3566736,337.4,SLC6A8,solute carrier family 6 member 8
105376941,9.4e-07,5.91e-09,0.6323,-5.819297,-3.6798204,34.91,LOC105376941,uncharacterized LOC105376941
9620,1.01e-06,6.39e-09,0.3316,-5.806333,-1.9250951,75.12,CELSR1,cadherin EGF LAG seven-pass G-type receptor 1
3872,1.03e-06,6.66e-09,0.3862,-5.799301,-2.2399307,21.02,KRT17,keratin 17
9365,1.06e-06,6.89e-09,0.2583,5.793537,1.4964095,388.34,KL,klotho
112268430,1.07e-06,7.08e-09,0.4903,-5.789011,-2.8381328,1487.08,LOC112268430,
2983,1.07e-06,7.14e-09,0.1897,5.787613,1.0981237,289.87,GUCY1B1,guanylate cyclase 1 soluble subunit beta 1
133584,1.12e-06,7.53e-09,0.2013,5.778721,1.1631487,324.04,EGFLAM,"EGF like, fibronectin type III and laminin G domains"
85360,1.18e-06,7.96e-09,0.2336,-5.769307,-1.3479599,1472.78,SYDE1,synapse defective Rho GTPase homolog 1
6518,1.18e-06,8.05e-09,0.3778,-5.767474,-2.1787587,50.86,SLC2A5,solute carrier family 2 member 5
105375247,1.18e-06,8.11e-09,0.2346,-5.766128,-1.3527853,123.38,LOC105375247,uncharacterized LOC105375247
107987295,1.39e-06,9.61e-09,0.5115,-5.737466,-2.9347406,227.19,LINC02246,long intergenic non-protein coding RNA 2246
55964,1.4e-06,9.78e-09,0.239,-5.734558,-1.3704655,138.06,SEPTIN3,septin 3
23266,1.49e-06,1.06e-08,0.1828,5.72111,1.0459985,875.11,ADGRL2,adhesion G protein-coupled receptor L2
10397,1.51e-06,1.08e-08,0.3012,-5.718197,-1.722266,1739.37,NDRG1,N-myc downstream regulated 1
105376942,1.59e-06,1.14e-08,0.5987,-5.708159,-3.4176341,28.97,LOC105376942,uncharacterized LOC105376942
23328,1.62e-06,1.18e-08,0.2598,-5.702943,-1.4817853,1775.06,SASH1,SAM and SH3 domain containing 1
5322,1.63e-06,1.19e-08,0.2537,5.70161,1.4465169,199.73,PLA2G5,phospholipase A2 group V
81575,1.76e-06,1.3e-08,0.2526,5.686421,1.4364839,410.69,APOLD1,apolipoprotein L domain containing 1
155038,1.81e-06,1.34e-08,0.1967,5.680351,1.1175522,199.83,GIMAP8,"GTPase, IMAP family member 8"
23371,1.88e-06,1.41e-08,0.1929,5.672664,1.0941374,616.5,TNS2,tensin 2
6910,1.91e-06,1.43e-08,0.2038,5.669259,1.1553676,389.44,TBX5,T-box transcription factor 5
107987097,1.96e-06,1.48e-08,0.2791,-5.663355,-1.580624,95.12,LOC107987097,uncharacterized LOC107987097
1838,2.07e-06,1.58e-08,0.2023,5.65276,1.1433151,314.02,DTNB,dystrobrevin beta
27198,2.15e-06,1.66e-08,0.3546,-5.644174,-2.0014722,49.47,HCAR1,hydroxycarboxylic acid receptor 1
9783,2.16e-06,1.68e-08,0.2221,5.641799,1.2530117,133.31,RIMS3,regulating synaptic membrane exocytosis 3
113220,2.38e-06,1.86e-08,0.4711,-5.624212,-2.6496943,22.34,KIF12,kinesin family member 12
100506358,2.4e-06,1.89e-08,0.3285,-5.62147,-1.8465488,1974.51,LOC100506358,uncharacterized LOC100506358
81607,2.42e-06,1.92e-08,0.3168,-5.618988,-1.7802781,1557.73,NECTIN4,nectin cell adhesion molecule 4
105375855,2.76e-06,2.24e-08,0.5511,-5.592526,-3.0818232,28.41,LOC105375855,uncharacterized LOC105375855
8701,3.1e-06,2.56e-08,0.392,-5.569336,-2.1829524,284.09,DNAH11,dynein axonemal heavy chain 11
84701,3.1e-06,2.53e-08,0.2621,5.571165,1.4600157,128.45,COX4I2,cytochrome c oxidase subunit 4I2
57168,3.1e-06,2.55e-08,0.4872,-5.569705,-2.713315,18.87,ASPHD2,aspartate beta-hydroxylase domain containing 2
100996664,3.32e-06,2.76e-08,0.2978,-5.556249,-1.6547398,57.46,LOC100996664,uncharacterized LOC100996664
2515,3.63e-06,3.04e-08,0.6986,-5.539365,-3.8698216,22.59,ADAM2,ADAM metallopeptidase domain 2
105378146,3.64e-06,3.07e-08,0.7824,-5.537577,-4.332489,15.98,LOC105378146,uncharacterized LOC105378146
126731,3.66e-06,3.1e-08,0.2971,-5.535704,-1.6447056,3135.36,CCSAP,"centriole, cilia and spindle associated protein"
107986663,3.68e-06,3.14e-08,0.358,-5.533435,-1.9808434,82.03,LOC107986663,uncharacterized LOC107986663
4223,3.83e-06,3.3e-08,0.2223,5.524832,1.2281596,335.48,MEOX2,mesenchyme homeobox 2
170961,3.83e-06,3.3e-08,0.2139,-5.524493,-1.1815413,117.15,ANKRD24,ankyrin repeat domain 24
9830,4.18e-06,3.63e-08,0.2633,-5.508037,-1.4501848,200.93,TRIM14,tripartite motif containing 14
22998,4.29e-06,3.75e-08,0.2254,-5.502153,-1.2399129,2194.31,LIMCH1,LIM and calponin homology domains 1
84706,4.31e-06,3.79e-08,0.2553,-5.500465,-1.4042586,106.6,GPT2,glutamic--pyruvic transaminase 2
2294,4.94e-06,4.4e-08,0.2176,5.474017,1.1910369,148.43,FOXF1,forkhead box F1
946,4.94e-06,4.42e-08,0.3929,-5.47304,-2.1505622,4404.14,SIGLEC6,sialic acid binding Ig like lectin 6
83643,5.1e-06,4.6e-08,0.2926,5.466293,1.5994737,120.17,CCDC3,coiled-coil domain containing 3
56256,5.34e-06,4.87e-08,0.2327,-5.455843,-1.2695882,147.12,SERTAD4,SERTA domain containing 4
11185,5.34e-06,4.92e-08,0.2354,5.454307,1.2840007,167.0,INMT,indolethylamine N-methyltransferase
51268,5.34e-06,4.92e-08,0.5864,-5.454075,-3.1982723,72.71,PIPOX,pipecolic acid and sarcosine oxidase
25975,5.34e-06,4.84e-08,0.2127,5.457078,1.1609811,1503.76,EGFL6,EGF like domain multiple 6
102724297,5.5e-06,5.13e-08,0.6748,-5.446653,-3.6756401,15.28,CCR5AS,CCR5 antisense RNA
101929475,5.84e-06,5.51e-08,0.4424,-5.433967,-2.4037284,23.54,ITGB1-DT,ITGB1 divergent transcript
5768,6.83e-06,6.59e-08,0.3673,-5.402068,-1.9840271,4195.43,QSOX1,quiescin sulfhydryl oxidase 1
346389,6.83e-06,6.53e-08,0.3971,-5.403731,-2.1457535,41.08,MACC1,MET transcriptional regulator MACC1
390226,6.83e-06,6.59e-08,0.5164,-5.402112,-2.7894561,17.12,GUCY2EP,"guanylate cyclase 2E, pseudogene"
139728,7.08e-06,6.86e-08,0.4408,-5.39474,-2.3780629,32.76,PNCK,pregnancy up-regulated nonubiquitous CaM kinase
3853,7.62e-06,7.43e-08,0.6734,-5.380364,-3.6233747,17.78,KRT6A,keratin 6A
3972,8e-06,7.85e-08,0.535,-5.370595,-2.8734906,16.44,LHB,luteinizing hormone subunit beta
51411,8.63e-06,8.57e-08,0.2817,-5.354789,-1.5082804,222.2,BIN2,bridging integrator 2
121838,8.63e-06,8.6e-08,0.4633,5.354013,2.480584,137.75,NRAD1,non-coding RNA in the aldehyde dehydrogenase 1A pathway
80206,1.03e-05,1.03e-07,0.3749,-5.321872,-1.9953197,68.99,FHOD3,formin homology 2 domain containing 3
167465,1.05e-05,1.05e-07,0.191,5.31734,1.0154354,231.69,ZNF366,zinc finger protein 366
883,1.07e-05,1.09e-07,0.3163,-5.311372,-1.679854,73.6,KYAT1,kynurenine aminotransferase 1
6909,1.15e-05,1.18e-07,0.2248,5.297091,1.1906956,640.82,TBX2,T-box transcription factor 2
3904,1.17e-05,1.21e-07,0.4627,-5.292395,-2.4486797,16.32,LAIR2,leukocyte associated immunoglobulin like receptor 2
105374421,1.29e-05,1.33e-07,0.2845,-5.274464,-1.500527,70.25,LOC105374421,uncharacterized LOC105374421
55227,1.31e-05,1.37e-07,0.237,-5.269128,-1.248761,822.63,LRRC1,leucine rich repeat containing 1
91319,1.34e-05,1.41e-07,0.3574,-5.264081,-1.8813049,158.93,DERL3,derlin 3
182,1.42e-05,1.5e-07,0.2236,5.252039,1.1743108,1233.62,JAG1,jagged canonical Notch ligand 1
51206,1.45e-05,1.54e-07,0.31,-5.247221,-1.6264355,42.69,GP6,glycoprotein VI platelet
107984270,1.47e-05,1.59e-07,0.5551,-5.241858,-2.9098042,19.26,LOC107984270,uncharacterized LOC107984270
90019,1.5e-05,1.63e-07,0.5085,-5.236999,-2.6631802,64.73,SYT8,synaptotagmin 8
9052,1.52e-05,1.67e-07,0.4368,-5.233302,-2.2860269,207.25,GPRC5A,G protein-coupled receptor class C group 5 member A
189,1.59e-05,1.77e-07,0.6806,-5.222134,-3.5540679,13.76,AGXT,alanine--glyoxylate aminotransferase
2317,1.59e-05,1.76e-07,0.3104,-5.223285,-1.6212682,3732.24,FLNB,filamin B
604,1.59e-05,1.76e-07,0.247,-5.222664,-1.2897725,898.71,BCL6,BCL6 transcription repressor
10584,1.59e-05,1.75e-07,0.32,5.224527,1.6718212,72.02,COLEC10,collectin subfamily member 10
100505839,1.6e-05,1.79e-07,0.2868,-5.22043,-1.4972574,71.55,SH3PXD2A-AS1,SH3PXD2A antisense RNA 1
430,1.62e-05,1.82e-07,0.6343,-5.217067,-3.308947,54.21,ASCL2,achaete-scute family bHLH transcription factor 2
105374423,1.74e-05,1.98e-07,0.2606,-5.201291,-1.3552181,108.65,LOC105374423,uncharacterized LOC105374423
54567,1.74e-05,1.98e-07,0.2239,5.201393,1.1648322,215.15,DLL4,delta like canonical Notch ligand 4
5733,1.76e-05,2.01e-07,0.5858,-5.198275,-3.0452254,42.42,PTGER3,prostaglandin E receptor 3
8639,2.01e-05,2.3e-07,0.282,5.173085,1.4586327,188.92,AOC3,amine oxidase copper containing 3
3351,2.05e-05,2.37e-07,0.24,5.167633,1.2402715,42.33,HTR1B,5-hydroxytryptamine receptor 1B
3248,2.17e-05,2.53e-07,0.3075,-5.155355,-1.5851675,3329.27,HPGD,15-hydroxyprostaglandin dehydrogenase
93010,2.41e-05,2.82e-07,0.5566,-5.135068,-2.8581574,128.3,B3GNT7,"UDP-GlcNAc:betaGal beta-1,3-N-acetylglucosaminyltransferase 7"
151242,2.42e-05,2.86e-07,0.5566,-5.132212,-2.8563535,24.09,PPP1R1C,protein phosphatase 1 regulatory inhibitor subunit 1C
23250,2.42e-05,2.85e-07,0.203,-5.132961,-1.0420516,855.58,ATP11A,ATPase phospholipid transporting 11A
3074,2.57e-05,3.06e-07,0.3926,-5.120022,-2.0099111,3403.78,HEXB,hexosaminidase subunit beta
4281,2.95e-05,3.54e-07,0.2344,-5.092172,-1.1935851,229.63,MID1,midline 1
654,2.96e-05,3.57e-07,0.2171,5.090531,1.1050871,179.7,BMP6,bone morphogenetic protein 6
10863,2.96e-05,3.59e-07,0.3035,-5.089398,-1.5447046,80.13,ADAM28,ADAM metallopeptidase domain 28
102724945,2.96e-05,3.6e-07,0.5835,-5.088854,-2.9695672,15.16,LOC102724945,uncharacterized LOC102724945
4811,3.01e-05,3.69e-07,0.2027,5.084432,1.0305385,2267.74,NID1,nidogen 1
55765,3.3e-05,4.1e-07,0.3408,-5.06419,-1.725623,49.16,INAVA,innate immunity activator
11178,3.3e-05,4.09e-07,0.2569,5.064883,1.3009851,156.08,LZTS1,leucine zipper tumor suppressor 1
105375183,3.35e-05,4.18e-07,0.5186,-5.0605,-2.6241486,33.41,LOC105375183,uncharacterized LOC105375183
126767,3.48e-05,4.36e-07,0.6539,-5.052623,-3.3037015,86.74,AADACL3,arylacetamide deacetylase like 3
4629,3.5e-05,4.41e-07,0.2685,5.050497,1.3560415,1562.08,MYH11,myosin heavy chain 11
200424,3.65e-05,4.65e-07,0.2635,-5.040203,-1.3280101,868.96,TET3,tet methylcytosine dioxygenase 3
107986718,3.65e-05,4.67e-07,0.3921,-5.039586,-1.975966,34.77,LOC107986718,replaced by ID 105375535
4909,3.81e-05,4.89e-07,0.3141,-5.030632,-1.5802757,56.26,NTF4,neurotrophin 4
126353,3.87e-05,5.01e-07,0.4569,-5.025739,-2.2964521,19.86,MISP,mitotic spindle positioning
254228,3.9e-05,5.07e-07,0.2167,5.023759,1.0885208,160.51,CALHM5,calcium homeostasis modulator family member 5
79839,3.97e-05,5.18e-07,0.2705,5.019528,1.3578368,371.47,CCDC102B,coiled-coil domain containing 102B
54206,4.11e-05,5.39e-07,0.3094,-5.011888,-1.5508851,1920.81,ERRFI1,ERBB receptor feedback inhibitor 1
81855,4.28e-05,5.64e-07,0.2713,-5.003204,-1.3574721,549.47,SFXN3,sideroflexin 3
5801,4.55e-05,6.06e-07,0.4683,-4.989312,-2.3366427,22.6,PTPRR,protein tyrosine phosphatase receptor type R
100505696,4.67e-05,6.27e-07,0.3195,-4.982675,-1.5919635,563.83,SH3BP5-AS1,SH3BP5 antisense RNA 1
54742,4.67e-05,6.25e-07,0.4451,-4.983429,-2.2182237,28.49,LY6K,lymphocyte antigen 6 family member K
2597,5.09e-05,6.86e-07,0.2438,-4.965152,-1.210476,3368.14,GAPDH,glyceraldehyde-3-phosphate dehydrogenase
8788,5.24e-05,7.15e-07,0.2301,4.957369,1.1406035,4281.89,DLK1,delta like non-canonical Notch ligand 1
1608,5.34e-05,7.31e-07,0.2903,4.953029,1.4379695,234.53,DGKG,diacylglycerol kinase gamma
2977,5.41e-05,7.44e-07,0.2266,4.949388,1.1213983,1620.84,GUCY1A2,guanylate cyclase 1 soluble subunit alpha 2
105375166,5.46e-05,7.54e-07,0.2205,4.946928,1.090886,99.48,LOC105375166,uncharacterized LOC105375166
134549,5.51e-05,7.63e-07,0.2723,4.944608,1.3463847,191.37,SHROOM1,shroom family member 1
80832,5.92e-05,8.23e-07,0.3675,-4.929754,-1.811574,99.83,APOL4,apolipoprotein L4
221002,5.95e-05,8.31e-07,0.3726,-4.92806,-1.8363114,18.2,RASGEF1A,RasGEF domain family member 1A
101927482,6.15e-05,8.64e-07,0.2757,4.920371,1.3566595,72.03,HECW2-AS1,HECW2 antisense RNA 1
645553,6.15e-05,8.68e-07,0.678,-4.919346,-3.3354177,19.89,IGFL2-AS1,IGFL2 antisense RNA 1
4648,6.28e-05,8.91e-07,0.4213,-4.914319,-2.0705808,339.09,MYO7B,myosin VIIB
3796,6.56e-05,9.33e-07,0.2671,-4.905221,-1.310299,1638.25,KIF2A,kinesin family member 2A
105369767,6.63e-05,9.47e-07,0.5664,-4.902282,-2.7768268,11.47,LOC105369767,uncharacterized LOC105369767
2334,7.04e-05,1.02e-06,0.2536,4.888291,1.2398071,567.03,AFF2,ALF transcription elongation factor 2
221301,7.08e-05,1.03e-06,0.38,4.886465,1.8570128,79.02,CALHM4,calcium homeostasis modulator family member 4
7850,7.22e-05,1.05e-06,0.5686,-4.881538,-2.7758524,102.19,IL1R2,interleukin 1 receptor type 2
108783654,7.22e-05,1.05e-06,0.3512,4.881357,1.714373,1173.79,HSD17B1-AS1,HSD17B1 antisense RNA 1
2335,7.32e-05,1.07e-06,0.5772,-4.877489,-2.8153431,143855.78,FN1,fibronectin 1
933,7.32e-05,1.08e-06,0.549,-4.877153,-2.6776073,34.62,CD22,CD22 molecule
51101,7.83e-05,1.16e-06,0.229,4.862404,1.1135823,255.0,ZC2HC1A,zinc finger C2HC-type containing 1A
9388,7.84e-05,1.17e-06,0.2286,4.86136,1.1115477,1507.88,LIPG,"lipase G, endothelial type"
131583,7.96e-05,1.19e-06,0.2367,-4.857039,-1.1495257,294.47,FAM43A,family with sequence similarity 43 member A
9796,7.96e-05,1.19e-06,0.3167,-4.857527,-1.5382658,96.48,PHYHIP,phytanoyl-CoA 2-hydroxylase interacting protein
2980,8.18e-05,1.24e-06,0.3278,-4.849408,-1.5895415,55.82,GUCA2A,guanylate cyclase activator 2A
102724050,8.76e-05,1.34e-06,0.2696,-4.834349,-1.303335,116.53,GPR84-AS1,"GPR84, ZNF385A, ITGA5 and GTSF1 antisense RNA 1"
145864,9.14e-05,1.41e-06,0.4648,-4.824146,-2.2422364,44.34,HAPLN3,hyaluronan and proteoglycan link protein 3
102723854,9.56e-05,1.48e-06,0.6404,-4.813584,-3.0828399,9.67,LINC01819,long intergenic non-protein coding RNA 1819
1160,9.56e-05,1.48e-06,0.2562,-4.81347,-1.2333802,76.74,CKMT2,"creatine kinase, mitochondrial 2"
54509,9.56e-05,1.49e-06,0.2721,-4.812893,-1.3096381,29.92,RHOF,"ras homolog family member F, filopodia associated"
107985325,9.66e-05,1.51e-06,0.351,-4.810104,-1.6883138,79.58,GP6-AS1,GP6 antisense RNA 1
10886,9.81e-05,1.54e-06,0.4632,-4.806457,-2.2261363,69.9,NPFFR2,neuropeptide FF receptor 2
102723406,0.0001,1.57e-06,0.3394,4.801508,1.6295606,101.19,LOC102723406,uncharacterized LOC102723406
3730,0.000101,1.59e-06,0.4732,-4.799657,-2.2713538,32.25,ANOS1,anosmin 1
2185,0.000101,1.6e-06,0.3467,-4.798697,-1.6635902,198.37,PTK2B,protein tyrosine kinase 2 beta
152816,0.000105,1.66e-06,0.3436,-4.790598,-1.646214,62.43,ODAPH,odontogenesis associated phosphoprotein
64344,0.000107,1.71e-06,0.295,4.784837,1.4117079,608.1,HIF3A,hypoxia inducible factor 3 subunit alpha
118788,0.000109,1.76e-06,0.2287,-4.779682,-1.0932625,756.83,PIK3AP1,phosphoinositide-3-kinase adaptor protein 1
9843,0.000109,1.75e-06,0.6504,-4.780242,-3.1090047,37.28,HEPH,hephaestin
346689,0.000112,1.81e-06,0.4433,-4.773557,-2.1162468,17.6,KLRG2,killer cell lectin like receptor G2
2629,0.000113,1.83e-06,0.2802,-4.770875,-1.3369417,1001.27,GBA1,glucosylceramidase beta 1
4148,0.000115,1.88e-06,0.2519,4.766281,1.2005164,32.52,MATN3,matrilin 3
103625683,0.000118,1.92e-06,0.2732,-4.761635,-1.3006988,61.1,LINC00456,long intergenic non-protein coding RNA 456
3489,0.000123,2.02e-06,0.7256,-4.751501,-3.4477,30.32,IGFBP6,insulin like growth factor binding protein 6
8553,0.000129,2.12e-06,0.3224,-4.741567,-1.5287749,680.79,BHLHE40,basic helix-loop-helix family member e40
101927854,0.000129,2.13e-06,0.3517,-4.740842,-1.6675147,54.22,THRB-AS2,THRB antisense RNA 2
9891,0.000129,2.14e-06,0.2604,-4.739917,-1.2343203,107.35,NUAK1,NUAK family kinase 1
395,0.00013,2.17e-06,0.2353,4.736469,1.1143628,73.11,ARHGAP6,Rho GTPase activating protein 6
343990,0.000137,2.3e-06,0.2521,-4.724895,-1.1909945,123.21,CRACDL,CRACD like
9154,0.000137,2.3e-06,0.3642,-4.725377,-1.7208777,74.19,SLC28A1,solute carrier family 28 member 1
114780,0.000138,2.33e-06,0.4694,-4.722085,-2.2166487,116.78,PKD1L2,polycystin 1 like 2 (gene/pseudogene)
253650,0.000141,2.39e-06,0.5446,-4.71691,-2.5689975,38.79,ANKRD18A,ankyrin repeat domain 18A
80339,0.000141,2.41e-06,0.5938,-4.715747,-2.8000075,11.97,PNPLA3,patatin like phospholipase domain containing 3
440482,0.000143,2.46e-06,0.3729,4.711682,1.7570202,151.89,ANKRD20A5P,"ankyrin repeat domain 20 family member A5, pseudogene"
11170,0.000146,2.52e-06,0.2921,4.706654,1.3746406,102.81,FAM107A,family with sequence similarity 107 member A
123,0.000146,2.52e-06,0.3688,-4.706323,-1.735676,3114.92,PLIN2,perilipin 2
3918,0.00015,2.6e-06,0.2485,-4.699999,-1.1678177,134.01,LAMC2,laminin subunit gamma 2
10408,0.000152,2.64e-06,0.4392,-4.69725,-2.0629701,36.43,MYCNOS,MYCN opposite strand
1602,0.000161,2.82e-06,0.266,4.683552,1.2456076,137.42,DACH1,dachshund family transcription factor 1
55076,0.000163,2.87e-06,0.4815,-4.67967,-2.2532893,176.99,TMEM45A,transmembrane protein 45A
400451,0.000168,2.97e-06,0.3883,-4.673156,-1.8145873,65.92,FAM174B,family with sequence similarity 174 member B
140458,0.000169,2.99e-06,0.6024,-4.671742,-2.8143061,13.87,ASB5,ankyrin repeat and SOCS box containing 5
130399,0.000171,3.03e-06,0.6296,-4.668625,-2.939414,23.51,ACVR1C,activin A receptor type 1C
80243,0.000173,3.08e-06,0.2307,4.665694,1.0764229,700.09,PREX2,"phosphatidylinositol-3,4,5-trisphosphate dependent Rac exchange factor 2"
90355,0.000194,3.5e-06,0.3009,-4.639324,-1.3958676,83.39,MACIR,macrophage immunometabolism regulator
60312,0.000197,3.57e-06,0.3205,-4.634741,-1.4854879,605.79,AFAP1,actin filament associated protein 1
105371553,0.0002,3.64e-06,0.8075,-4.630964,-3.7396396,18.4,LOC105371553,
113146,0.0002,3.66e-06,0.542,-4.629765,-2.5094554,225.29,AHNAK2,AHNAK nucleoprotein 2
107986789,0.000215,3.96e-06,0.3509,-4.613498,-1.6186928,30.11,LOC107986789,uncharacterized LOC107986789
7277,0.000219,4.04e-06,0.3537,-4.60913,-1.6301929,77.78,TUBA4A,tubulin alpha 4a
114800,0.000219,4.07e-06,0.2356,4.607814,1.0856384,123.8,CCDC85A,coiled-coil domain containing 85A
105376299,0.000226,4.22e-06,0.6543,-4.600454,-3.0101243,21.67,LOC105376299,uncharacterized LOC105376299
80258,0.000226,4.21e-06,0.6698,-4.600519,-3.081257,17.21,EFHC2,EF-hand domain containing 2
114336,0.00023,4.33e-06,0.5903,-4.594986,-2.7125389,99.76,CGB2,chorionic gonadotropin subunit beta 2
7348,0.000232,4.37e-06,0.4726,-4.593019,-2.1705771,92.36,UPK1B,uroplakin 1B
353322,0.000238,4.5e-06,0.3597,-4.58663,-1.649679,23.63,ANKRD37,ankyrin repeat domain 37
1879,0.000239,4.53e-06,0.261,4.585405,1.1965782,919.5,EBF1,EBF transcription factor 1
3135,0.000239,4.55e-06,0.7758,-4.584554,-3.5566393,332.02,HLA-G,"major histocompatibility complex, class I, G"
80380,0.000249,4.78e-06,0.3476,-4.57409,-1.5901368,72.81,PDCD1LG2,programmed cell death 1 ligand 2
79955,0.000266,5.11e-06,0.3534,-4.560044,-1.6113099,57.83,PDZD7,PDZ domain containing 7
100507582,0.000273,5.27e-06,0.3722,-4.553877,-1.694937,30.36,BHLHE40-AS1,BHLHE40 antisense RNA 1
6566,0.000275,5.33e-06,0.29,-4.551417,-1.3199916,490.72,SLC16A1,solute carrier family 16 member 1
143503,0.000278,5.4e-06,0.3044,4.54845,1.3843271,75.91,OR51E1,olfactory receptor family 51 subfamily E member 1
29923,0.000278,5.42e-06,0.3847,-4.547838,-1.7496175,166.98,HILPDA,hypoxia inducible lipid droplet associated
93556,0.000286,5.63e-06,0.364,4.539915,1.6524456,87.27,EGFEM1P,"EGF like and EMI domain containing 1, pseudogene"
53342,0.000286,5.61e-06,0.3994,-4.540443,-1.8134768,19.13,IL17D,interleukin 17D
137994,0.000288,5.69e-06,0.2525,-4.537724,-1.1459279,60.69,LETM2,leucine zipper and EF-hand containing transmembrane protein 2
148113,0.000289,5.71e-06,0.5795,-4.536782,-2.6290892,13.93,CILP2,cartilage intermediate layer protein 2
151230,0.000289,5.75e-06,0.2315,4.535527,1.0500183,57.51,KLHL23,kelch like family member 23
4282,0.000292,5.82e-06,0.3028,-4.532851,-1.3726405,170.74,MIF,macrophage migration inhibitory factor
307,0.000304,6.1e-06,0.2547,-4.522851,-1.1518973,1395.0,ANXA4,annexin A4
105378443,0.000318,6.4e-06,0.2721,-4.512756,-1.2277073,173.27,LOC105378443,uncharacterized LOC105378443
284716,0.000326,6.58e-06,0.4641,-4.506701,-2.0917079,40.28,RIMKLA,ribosomal modification protein rimK like family member A
10581,0.000327,6.62e-06,0.2294,4.505594,1.033798,237.35,IFITM2,interferon induced transmembrane protein 2
107986768,0.000335,6.79e-06,0.309,4.500044,1.3906132,3272.45,LOC107986768,uncharacterized LOC107986768
822,0.00034,6.93e-06,0.4099,-4.495845,-1.8426759,102.66,CAPG,"capping actin protein, gelsolin like"
2590,0.000342,6.98e-06,0.259,-4.494181,-1.1638523,685.11,GALNT2,polypeptide N-acetylgalactosaminyltransferase 2
595,0.000344,7.04e-06,0.2496,4.49238,1.1214216,859.03,CCND1,cyclin D1
1501,0.000345,7.12e-06,0.4832,-4.490205,-2.1694757,25.81,CTNND2,catenin delta 2
58189,0.000345,7.11e-06,0.2515,4.490401,1.1291273,194.28,WFDC1,WAP four-disulfide core domain 1
55273,0.000347,7.18e-06,0.2917,4.488364,1.3093326,121.26,TMEM100,transmembrane protein 100
7464,0.000355,7.36e-06,0.4202,-4.48292,-1.8838139,87.54,CORO2A,coronin 2A
5522,0.000356,7.41e-06,0.6759,-4.481677,-3.0293417,27.07,PPP2R2C,protein phosphatase 2 regulatory subunit Bgamma
105379133,0.000371,7.75e-06,0.4615,-4.471969,-2.0638831,37.54,LOC105379133,uncharacterized LOC105379133
102724449,0.000374,7.84e-06,0.5709,4.469375,2.5515273,22.53,SOD1-DT,SOD1 divergent transcript
57105,0.000375,7.92e-06,0.2586,4.467303,1.1552479,177.33,CYSLTR2,cysteinyl leukotriene receptor 2
11226,0.000377,7.99e-06,0.3527,-4.465555,-1.5752094,245.43,GALNT6,polypeptide N-acetylgalactosaminyltransferase 6
107985770,0.00038,8.05e-06,0.2535,-4.463848,-1.1315609,202.9,SMANTIS,SMARCA4 interacting SWI/SNF chromatin remodeling complex scaffold lncRNA
114795,0.000384,8.19e-06,0.59,-4.460055,-2.6315001,72.49,TMEM132B,transmembrane protein 132B
8204,0.000385,8.29e-06,0.4253,-4.457452,-1.8956799,1545.01,NRIP1,nuclear receptor interacting protein 1
10370,0.00039,8.43e-06,0.376,-4.454075,-1.6747465,550.38,CITED2,Cbp/p300 interacting transactivator with Glu/Asp rich carboxy-terminal domain 2
30811,0.000391,8.46e-06,0.3765,-4.453261,-1.6767463,138.42,HUNK,hormonally up-regulated Neu-associated kinase
3149,0.000393,8.53e-06,0.2578,-4.451543,-1.1476942,1532.9,HMGB3,high mobility group box 3
1512,0.000411,8.94e-06,0.3087,-4.441365,-1.3708588,252.9,CTSH,cathepsin H
100129345,0.000422,9.22e-06,0.2789,4.434798,1.2370514,187.72,LINC02291,long intergenic non-protein coding RNA 2291
27292,0.000427,9.34e-06,0.2801,-4.431805,-1.2412466,340.66,DIMT1,DIM1 rRNA methyltransferase and ribosome maturation factor
1303,0.000427,9.37e-06,0.564,-4.431329,-2.4992936,147.71,COL12A1,collagen type XII alpha 1 chain
284889,0.000427,9.4e-06,0.2448,-4.430613,-1.0845597,206.73,MIF-AS1,MIF antisense RNA 1
5028,0.000427,9.42e-06,0.2604,4.43001,1.1536627,435.19,P2RY1,purinergic receptor P2Y1
105377641,0.000433,9.62e-06,0.5417,-4.425528,-2.3972195,13.63,LOC105377641,
29070,0.00044,9.84e-06,0.2942,-4.420765,-1.3005776,203.97,CCDC113,coiled-coil domain containing 113
114335,0.000447,1e-05,0.6226,-4.416935,-2.7499547,63.69,CGB1,chorionic gonadotropin subunit beta 1
107986024,0.000456,1.02e-05,0.4885,-4.412125,-2.1553811,31.31,LOC107986024,
89944,0.000467,1.05e-05,0.5918,-4.40636,-2.6075813,30.49,GLB1L2,galactosidase beta 1 like 2
80347,0.000475,1.07e-05,0.2836,4.401715,1.2485374,577.67,COASY,Coenzyme A synthase
9185,0.000488,1.11e-05,0.4345,-4.394457,-1.9095176,239.77,REPS2,RALBP1 associated Eps domain containing 2
185,0.000499,1.14e-05,0.2722,4.388923,1.1946914,635.6,AGTR1,angiotensin II receptor type 1
80274,0.000509,1.16e-05,0.4413,-4.384348,-1.9346955,79.33,SCUBE1,"signal peptide, CUB domain and EGF like domain containing 1"
1082,0.000516,1.18e-05,0.678,-4.380739,-2.9700394,682.12,CGB3,chorionic gonadotropin subunit beta 3
23500,0.000542,1.26e-05,0.2423,4.3676,1.0583566,333.55,DAAM2,dishevelled associated activator of morphogenesis 2
1392,0.000542,1.26e-05,0.6193,-4.367413,-2.704557,5408.25,CRH,corticotropin releasing hormone
5654,0.000542,1.25e-05,0.4568,-4.368884,-1.9958189,7094.76,HTRA1,HtrA serine peptidase 1
9687,0.000565,1.31e-05,0.759,-4.358152,-3.3078364,221.44,GREB1,growth regulating estrogen receptor binding 1
23443,0.000571,1.33e-05,0.2532,-4.355044,-1.1028448,451.95,SLC35A3,solute carrier family 35 member A3
84740,0.000579,1.35e-05,0.2998,-4.351759,-1.3047127,82.55,AFAP1-AS1,AFAP1 antisense RNA 1
5360,0.000582,1.36e-05,0.2567,4.350113,1.1167311,1392.92,PLTP,phospholipid transfer protein
3939,0.000585,1.37e-05,0.3009,-4.348277,-1.3084326,885.75,LDHA,lactate dehydrogenase A
100288181,0.000591,1.4e-05,0.4615,-4.344635,-2.0049784,24.27,LNCOC1,lncRNA associated with ovarian cancer 1
943,0.000598,1.41e-05,0.5727,-4.341594,-2.4865805,22.9,TNFRSF8,TNF receptor superfamily member 8
5831,0.000598,1.42e-05,0.4886,-4.340864,-2.1210477,80.25,PYCR1,pyrroline-5-carboxylate reductase 1
55350,0.000599,1.42e-05,0.5202,4.34021,2.2577019,53.56,VNN3P,"vanin 3, pseudogene"
10663,0.000619,1.48e-05,0.2915,-4.332317,-1.2628891,102.45,CXCR6,C-X-C motif chemokine receptor 6
83483,0.000633,1.51e-05,0.2757,4.326591,1.192684,259.99,PLVAP,plasmalemma vesicle associated protein
56660,0.000664,1.6e-05,0.4419,-4.31447,-1.9066245,54.23,KCNK12,potassium two pore domain channel subfamily K member 12
2051,0.000688,1.67e-05,0.3876,4.304738,1.6686228,175.04,EPHB6,EPH receptor B6
2745,0.000688,1.68e-05,0.2801,-4.303664,-1.2052585,1045.47,GLRX,glutaredoxin
100526825,0.000688,1.68e-05,0.2574,4.303588,1.1076567,54.06,INMT-MINDY4,INMT-MINDY4 readthrough (NMD candidate)
169792,0.000688,1.68e-05,0.2701,-4.303207,-1.1621276,181.64,GLIS3,GLIS family zinc finger 3
10687,0.00073,1.8e-05,0.453,-4.288071,-1.942498,20.83,PNMA2,PNMA family member 2
59350,0.00076,1.88e-05,0.6641,-4.278426,-2.8413067,73.21,RXFP1,relaxin family peptide receptor 1
9148,0.000761,1.89e-05,0.2676,-4.277458,-1.1448243,439.29,NEURL1,neuralized E3 ubiquitin protein ligase 1
221191,0.000762,1.9e-05,0.3535,-4.276866,-1.5120673,25.67,PRSS54,serine protease 54
140766,0.000766,1.91e-05,0.252,4.274795,1.0774439,164.57,ADAMTS14,ADAM metallopeptidase with thrombospondin type 1 motif 14
57519,0.000766,1.91e-05,0.245,4.274655,1.047254,580.5,STARD9,StAR related lipid transfer domain containing 9
7138,0.00082,2.06e-05,0.4351,-4.258372,-1.852929,19.19,TNNT1,"troponin T1, slow skeletal type"
2149,0.000828,2.08e-05,0.571,-4.255968,-2.4303367,138.26,F2R,coagulation factor II thrombin receptor
80078,0.000831,2.09e-05,0.2981,4.254521,1.2684443,427.6,LCAL1,lung cancer associated lncRNA 1
344752,0.000859,2.18e-05,0.4699,-4.245682,-1.9949551,25.03,AADACL2,arylacetamide deacetylase like 2
8842,0.00087,2.22e-05,0.2403,4.241438,1.0193855,245.95,PROM1,prominin 1
51155,0.00087,2.23e-05,0.4612,-4.240877,-1.955862,172.17,JPT1,Jupiter microtubule associated homolog 1
11228,0.000877,2.25e-05,0.3075,-4.2387,-1.3033379,603.7,RASSF8,Ras association domain family member 8
196883,0.000906,2.33e-05,0.2612,4.231006,1.1051633,467.06,ADCY4,adenylate cyclase 4
552,0.000914,2.35e-05,0.726,-4.228476,-3.0698447,24.92,AVPR1A,arginine vasopressin receptor 1A
4311,0.000926,2.4e-05,0.3557,-4.224251,-1.5025273,1277.14,MME,membrane metalloendopeptidase
5923,0.000926,2.39e-05,0.3399,-4.225074,-1.4362885,57.28,RASGRF1,Ras protein specific guanine nucleotide releasing factor 1
230,0.000935,2.43e-05,0.4706,-4.221441,-1.9866472,17.07,ALDOC,"aldolase, fructose-bisphosphate C"
53358,0.000949,2.47e-05,0.5973,-4.217358,-2.518946,75.49,SHC3,SHC adaptor protein 3
6710,0.000951,2.48e-05,0.2391,4.216356,1.0080598,399.55,SPTB,"spectrin beta, erythrocytic"
55655,0.000957,2.5e-05,0.2833,-4.214382,-1.1939776,494.89,NLRP2,NLR family pyrin domain containing 2
445577,0.000997,2.64e-05,0.2748,-4.202823,-1.1548512,118.8,FAM120A2P,"family with sequence similarity 120A2, pseudogene"
25802,0.00103,2.73e-05,0.2639,4.195303,1.1069485,292.58,LMOD1,leiomodin 1
7136,0.00105,2.78e-05,0.4639,-4.190719,-1.9441764,21.49,TNNI2,"troponin I2, fast skeletal type"
9466,0.00105,2.82e-05,0.3664,-4.187679,-1.5344416,30.78,IL27RA,interleukin 27 receptor subunit alpha
9104,0.00107,2.87e-05,0.3231,4.183203,1.351478,51.14,RGN,regucalcin
51751,0.00108,2.91e-05,0.3275,4.180299,1.3689185,50.98,HIGD1B,HIG1 hypoxia inducible domain family member 1B
64857,0.00109,2.95e-05,0.2726,4.177555,1.1386594,373.06,PLEKHG2,pleckstrin homology and RhoGEF domain containing G2
10656,0.00112,3.04e-05,0.4838,-4.170343,-2.0175568,21.01,KHDRBS3,"KH RNA binding domain containing, signal transduction associated 3"
8843,0.00113,3.06e-05,0.4867,-4.168613,-2.0290606,14.91,HCAR3,hydroxycarboxylic acid receptor 3
105374118,0.00116,3.16e-05,0.3624,-4.161722,-1.5082688,16.04,LOC105374118,uncharacterized LOC105374118
63876,0.00116,3.15e-05,0.2709,4.162164,1.1274711,100.0,PKNOX2,PBX/knotted 1 homeobox 2
6038,0.00119,3.26e-05,0.461,-4.154565,-1.9152522,33.7,RNASE4,ribonuclease A family member 4
64063,0.00121,3.3e-05,0.4223,-4.1514,-1.7529845,38.28,PRSS22,serine protease 22
5021,0.00121,3.32e-05,0.6476,-4.150306,-2.6876081,20.3,OXTR,oxytocin receptor
11156,0.00121,3.33e-05,0.2617,4.149796,1.0859877,68.2,PTP4A3,protein tyrosine phosphatase 4A3
6511,0.00121,3.35e-05,0.6865,-4.148586,-2.8479108,16.33,SLC1A6,solute carrier family 1 member 6
79444,0.00121,3.35e-05,0.443,-4.147929,-1.8373263,20.42,BIRC7,baculoviral IAP repeat containing 7
9079,0.00127,3.54e-05,0.2758,4.135513,1.1407428,298.35,LDB2,LIM domain binding 2
116449,0.0013,3.64e-05,0.5644,-4.129428,-2.3308099,31.43,CLNK,cytokine dependent hematopoietic cell linker
57822,0.00134,3.75e-05,0.4588,-4.122194,-1.8913393,34.19,GRHL3,grainyhead like transcription factor 3
3897,0.00134,3.75e-05,0.5752,-4.122431,-2.3714171,40.01,L1CAM,L1 cell adhesion molecule
134466,0.00139,3.89e-05,0.4671,-4.113896,-1.9214075,29.37,ZNF300P1,zinc finger protein 300 pseudogene 1
81621,0.00141,3.97e-05,0.2815,-4.109358,-1.1566246,32.59,KAZALD1,Kazal type serine peptidase inhibitor domain 1
112267989,0.00142,4e-05,0.7562,-4.107213,-3.1058376,24.98,LOC112267989,
54435,0.00143,4.03e-05,0.7902,-4.105724,-3.2445167,14.83,HCG4,HLA complex group 4
6538,0.00144,4.08e-05,0.5116,-4.102962,-2.0992235,50.76,SLC6A11,solute carrier family 6 member 11
155185,0.00144,4.07e-05,0.3695,-4.103363,-1.5162403,117.38,AMZ1,archaelysin family metallopeptidase 1
2650,0.00145,4.12e-05,0.378,-4.100673,-1.5498515,104.41,GCNT1,glucosaminyl (N-acetyl) transferase 1
26011,0.00147,4.2e-05,0.6429,-4.095932,-2.6333799,47.03,TENM4,teneurin transmembrane protein 4
105379090,0.00149,4.26e-05,0.3105,-4.093045,-1.2707073,39.89,LOC105379090,uncharacterized LOC105379090
5924,0.0015,4.29e-05,0.3705,-4.091148,-1.5157547,419.46,RASGRF2,Ras protein specific guanine nucleotide releasing factor 2
3899,0.00151,4.32e-05,0.295,4.089422,1.2062401,360.93,AFF3,ALF transcription elongation factor 3
105369957,0.00153,4.39e-05,0.5928,-4.085733,-2.4219398,21.44,LOC105369957,uncharacterized LOC105369957
80704,0.00162,4.71e-05,0.29,4.069606,1.1803764,877.94,SLC19A3,solute carrier family 19 member 3
6422,0.00169,4.95e-05,0.3905,-4.0581,-1.5848235,253.47,SFRP1,secreted frizzled related protein 1
152,0.00177,5.19e-05,0.6105,-4.047054,-2.4707723,60.44,ADRA2C,adrenoceptor alpha 2C
3292,0.00181,5.36e-05,0.3656,4.039442,1.476907,1362.52,HSD17B1,hydroxysteroid 17-beta dehydrogenase 1
51809,0.00183,5.43e-05,0.2765,-4.036181,-1.115947,164.74,GALNT7,polypeptide N-acetylgalactosaminyltransferase 7
3678,0.00186,5.54e-05,0.2723,-4.03162,-1.0978059,4540.66,ITGA5,integrin subunit alpha 5
199713,0.00192,5.73e-05,0.5523,-4.023602,-2.2222814,19.7,NLRP7,NLR family pyrin domain containing 7
105376958,0.00196,5.9e-05,0.4968,-4.01696,-1.9955115,54.37,LOC105376958,uncharacterized LOC105376958
107,0.00201,6.05e-05,0.5274,-4.010722,-2.1153339,44.49,ADCY1,adenylate cyclase 1
80763,0.00204,6.19e-05,0.479,4.00533,1.918646,40.09,SPX,spexin hormone
344787,0.00208,6.32e-05,0.3015,-4.00052,-1.2060644,89.3,ZNF860,zinc finger protein 860
8483,0.00209,6.35e-05,0.5092,-3.999513,-2.03661,78.43,CILP,cartilage intermediate layer protein
5972,0.00209,6.38e-05,0.4097,-3.998124,-1.6379299,19.01,REN,renin
105371363,0.0021,6.42e-05,0.2811,3.996917,1.1236503,86.4,HSD17B2-AS1,HSD17B2 antisense RNA 1
105375184,0.00214,6.54e-05,0.3692,3.992494,1.4738987,176.42,LOC105375184,
3773,0.00214,6.56e-05,0.5485,-3.991609,-2.1894545,23.12,KCNJ16,potassium inwardly rectifying channel subfamily J member 16
4693,0.00216,6.62e-05,0.8155,-3.989443,-3.2533056,29.73,NDP,norrin cystine knot growth factor NDP
285590,0.00216,6.65e-05,0.406,-3.988572,-1.619466,448.28,SH3PXD2B,SH3 and PX domains 2B
5291,0.00217,6.7e-05,0.277,-3.986747,-1.1044761,828.54,PIK3CB,"phosphatidylinositol-4,5-bisphosphate 3-kinase catalytic subunit beta"
771,0.00218,6.73e-05,0.5431,-3.985586,-2.1646583,32.42,CA12,carbonic anhydrase 12
5996,0.00219,6.8e-05,0.4555,-3.983247,-1.814508,39.44,RGS1,regulator of G protein signaling 1
164781,0.00219,6.81e-05,0.6831,-3.982909,-2.7209095,15.54,DAW1,dynein assembly factor with WD repeats 1
155051,0.0022,6.82e-05,0.5072,-3.982365,-2.0199617,16.56,CRYGN,crystallin gamma N
10699,0.0022,6.84e-05,0.3381,-3.981624,-1.3460716,49.86,CORIN,"corin, serine peptidase"
10148,0.00221,6.9e-05,0.3624,-3.979725,-1.4422026,6844.36,EBI3,Epstein-Barr virus induced 3
1133,0.00222,6.94e-05,0.3526,-3.97846,-1.402995,55.08,CHRM5,cholinergic receptor muscarinic 5
4241,0.00223,6.99e-05,0.4703,-3.976716,-1.870119,22.04,MELTF,melanotransferrin
11042,0.00225,7.04e-05,0.2734,3.974932,1.0869142,125.87,GUSBP15,GUSB pseudogene 15
219902,0.00226,7.1e-05,0.2542,3.972837,1.0099754,129.74,TLCD5,TLC domain containing 5
928,0.00231,7.25e-05,0.374,-3.967909,-1.4840458,133.61,CD9,CD9 molecule
54361,0.00234,7.38e-05,0.3959,-3.963757,-1.5692096,59.49,WNT4,Wnt family member 4
729739,0.00244,7.73e-05,0.2714,-3.952515,-1.0725842,246.65,PPIAP46,peptidylprolyl isomerase A pseudogene 46
92912,0.00245,7.8e-05,0.2852,-3.950368,-1.1267984,626.16,UBE2Q2,ubiquitin conjugating enzyme E2 Q2
105374580,0.00246,7.86e-05,0.3415,3.948622,1.3483069,26.89,PRKCE-AS1,PRKCE antisense RNA 1
196047,0.00255,8.2e-05,0.6582,-3.938506,-2.5923337,44.72,EMX2OS,EMX2 opposite strand/antisense RNA
10544,0.00255,8.19e-05,0.3814,-3.938721,-1.5021675,573.23,PROCR,protein C receptor
4052,0.00258,8.29e-05,0.3711,-3.93577,-1.4604624,2729.86,LTBP1,latent transforming growth factor beta binding protein 1
105376718,0.00268,8.67e-05,0.2744,3.924984,1.0768929,70.79,LOC105376718,uncharacterized LOC105376718
130589,0.00269,8.73e-05,0.2965,-3.923371,-1.1634434,59.55,GALM,galactose mutarotase
222171,0.00274,8.89e-05,0.4579,-3.919035,-1.7945242,37.84,PRR15,proline rich 15
5212,0.00275,8.95e-05,0.5032,-3.917502,-1.9713726,22.42,VIT,vitrin
100506881,0.00275,8.94e-05,0.4133,-3.917645,-1.6191945,18.92,MKLN1-AS,MKLN1 antisense RNA
6556,0.00275,8.97e-05,0.2613,-3.91679,-1.0236411,89.72,SLC11A1,solute carrier family 11 member 1
23413,0.00279,9.12e-05,0.4337,-3.912797,-1.6968379,29.8,NCS1,neuronal calcium sensor 1
5214,0.00279,9.12e-05,0.2957,-3.912931,-1.1569042,89.63,PFKP,"phosphofructokinase, platelet"
4015,0.00287,9.4e-05,0.4557,-3.905592,-1.7797431,40.98,LOX,lysyl oxidase
4248,0.00288,9.44e-05,0.2756,-3.904436,-1.0762073,275.05,MGAT3,"beta-1,4-mannosyl-glycoprotein 4-beta-N-acetylglucosaminyltransferase"
728264,0.00289,9.5e-05,0.3383,3.902977,1.3203982,139.1,CARMN,cardiac mesoderm enhancer-associated non-coding RNA
102723911,0.00291,9.58e-05,0.5366,-3.900879,-2.0931686,11.32,LOC102723911,uncharacterized LOC102723911
84935,0.00298,9.86e-05,0.6533,-3.894035,-2.5439649,34.88,MEDAG,mesenteric estrogen dependent adipogenesis
150,0.00301,9.98e-05,0.3355,3.891101,1.3055435,56.61,ADRA2A,adrenoceptor alpha 2A
155,0.00301,0.0001,0.3339,3.890519,1.2992085,22.74,ADRB3,adrenoceptor beta 3
128414,0.00302,0.0001,0.3852,-3.889738,-1.4984672,23.52,NKAIN4,sodium/potassium transporting ATPase interacting 4
196410,0.00304,0.000101,0.3532,3.887667,1.3732413,33.9,METTL7B,methyltransferase like 7B
147920,0.00312,0.000104,0.6508,-3.880967,-2.5258409,73.88,IGFL2,IGF like family member 2
729830,0.00316,0.000106,0.3185,-3.877544,-1.2351603,89.34,FHIP1A,FHF complex subunit HOOK interacting protein 1A
253430,0.00324,0.000109,0.3405,-3.870597,-1.3177461,252.87,IPMK,inositol polyphosphate multikinase
57572,0.00328,0.00011,0.2916,3.867824,1.1278305,466.7,DOCK6,dedicator of cytokinesis 6
57718,0.0033,0.000111,0.4499,-3.866004,-1.7393593,26.12,PPP4R4,protein phosphatase 4 regulatory subunit 4
9398,0.00332,0.000112,0.3626,-3.863899,-1.4008572,184.86,CD101,CD101 molecule
285973,0.00335,0.000113,0.2668,3.860701,1.0299656,947.6,ATG9B,autophagy related 9B
107985064,0.00342,0.000116,0.4175,-3.85439,-1.6093162,17.25,LOC107985064,
92154,0.00347,0.000118,0.3019,-3.850581,-1.1623084,608.3,MTSS2,MTSS I-BAR domain containing 2
134,0.00348,0.000119,0.2733,3.849021,1.0519966,70.8,ADORA1,adenosine A1 receptor
9080,0.0035,0.00012,0.4124,-3.846601,-1.586159,24.23,CLDN9,claudin 9
4843,0.00352,0.000121,0.5141,-3.845001,-1.9765948,30.98,NOS2,nitric oxide synthase 2
3491,0.00353,0.000121,0.2791,3.844109,1.073076,815.54,CCN1,cellular communication network factor 1
3638,0.00358,0.000123,0.3986,-3.839478,-1.5302626,1013.01,INSIG1,insulin induced gene 1
64840,0.00358,0.000124,0.2698,-3.838793,-1.0357558,29.84,PORCN,porcupine O-acyltransferase
83543,0.00361,0.000125,0.3431,-3.835732,-1.3161984,357.26,AIF1L,allograft inflammatory factor 1 like
55616,0.00365,0.000127,0.4069,-3.832109,-1.5593428,451.95,ASAP3,"ArfGAP with SH3 domain, ankyrin repeat and PH domain 3"
83850,0.00371,0.000129,0.4925,-3.827887,-1.8850661,43.49,ESYT3,extended synaptotagmin 3
56937,0.00372,0.00013,0.3151,-3.826073,-1.205682,60.75,PMEPA1,"prostate transmembrane protein, androgen induced 1"
5553,0.00376,0.000132,0.9727,-3.822793,-3.7184939,17466.7,PRG2,"proteoglycan 2, pro eosinophil major basic protein"
57561,0.0038,0.000134,0.2886,-3.819025,-1.1022897,2439.05,ARRDC3,arrestin domain containing 3
205,0.00385,0.000137,0.3248,-3.814052,-1.2386549,83.04,AK4,adenylate kinase 4
9892,0.00389,0.000138,0.6606,-3.811452,-2.5177516,21.62,SNAP91,synaptosome associated protein 91
8987,0.00392,0.00014,0.3785,-3.808397,-1.4414067,168.24,STBD1,starch binding domain 1
406937,0.004,0.000144,0.4541,3.801676,1.7264392,19.86,MIR145,microRNA 145
641455,0.004,0.000144,0.6847,-3.801178,-2.6026133,30.57,POTEM,POTE ankyrin domain family member M
64084,0.004,0.000144,0.4209,-3.800372,-1.5996087,105.3,CLSTN2,calsyntenin 2
94027,0.00402,0.000145,0.6775,-3.798969,-2.5736271,344.29,CGB7,chorionic gonadotropin subunit beta 7
1524,0.00411,0.000149,0.3903,3.79257,1.480146,58.18,CX3CR1,C-X3-C motif chemokine receptor 1
107986251,0.00411,0.000149,0.6515,-3.792602,-2.4707303,26.37,LINC02600,long intergenic non-protein coding RNA 2600
28231,0.00413,0.00015,0.5247,-3.791055,-1.9893232,207.81,SLCO4A1,solute carrier organic anion transporter family member 4A1
9170,0.00415,0.000151,0.4417,-3.788719,-1.6734101,28.05,LPAR2,lysophosphatidic acid receptor 2
79628,0.00425,0.000155,0.265,3.782732,1.0024163,2208.75,SH3TC2,SH3 domain and tetratricopeptide repeats 2
7941,0.00426,0.000156,0.5986,-3.781268,-2.2635374,136.8,PLA2G7,phospholipase A2 group VII
90865,0.00426,0.000156,0.2921,3.780874,1.1044111,273.9,IL33,interleukin 33
9497,0.00438,0.000161,0.3916,-3.772863,-1.4774971,336.53,SLC4A7,solute carrier family 4 member 7
101928656,0.00451,0.000167,0.3144,3.764232,1.1834342,21.98,LINC01099,long intergenic non-protein coding RNA 1099
7058,0.00452,0.000168,0.7525,-3.763383,-2.8318992,100.16,THBS2,thrombospondin 2
2786,0.00456,0.00017,0.6309,-3.759527,-2.3718783,34.78,GNG4,G protein subunit gamma 4
221400,0.00456,0.00017,0.52,-3.760101,-1.9552522,43.43,TDRD6,tudor domain containing 6
6385,0.00456,0.000171,0.3476,-3.758714,-1.306509,474.05,SDC4,syndecan 4
7051,0.00458,0.000172,0.376,-3.757403,-1.4129005,34.86,TGM1,transglutaminase 1
79836,0.00465,0.000175,0.4993,-3.752938,-1.873683,25.43,LONRF3,LON peptidase N-terminal domain and ring finger 3
105373997,0.00466,0.000176,0.9163,-3.751525,-3.4374101,19.48,LOC105373997,uncharacterized LOC105373997
57222,0.00467,0.000177,0.2744,-3.750014,-1.0291911,720.48,ERGIC1,endoplasmic reticulum-golgi intermediate compartment 1
107986370,0.00469,0.000178,0.6506,3.747978,2.4386141,14.49,LOC107986370,
101927476,0.00482,0.000184,0.2885,3.739365,1.0789637,50.84,LOC101927476,uncharacterized LOC101927476
5157,0.00482,0.000185,0.296,-3.738886,-1.106693,47.11,PDGFRL,platelet derived growth factor receptor like
64798,0.00483,0.000185,0.3951,-3.737999,-1.4768915,55.45,DEPTOR,DEP domain containing MTOR interacting protein
101928122,0.00483,0.000186,0.3491,3.737736,1.3047629,40.55,LINC01483,long intergenic non-protein coding RNA 1483
7057,0.00484,0.000186,0.2758,3.737115,1.0306925,2538.11,THBS1,thrombospondin 1
641649,0.00485,0.000187,0.3851,-3.735891,-1.4388623,39.32,TMEM91,transmembrane protein 91
9890,0.0049,0.00019,0.3662,-3.732488,-1.3669853,33.7,PLPPR4,phospholipid phosphatase related 4
898,0.0049,0.00019,0.3662,-3.732298,-1.3669455,230.2,CCNE1,cyclin E1
55289,0.00493,0.000191,0.3241,3.729986,1.2087387,256.22,ACOXL,acyl-CoA oxidase like
83604,0.005,0.000195,0.7872,-3.725525,-2.9326227,19.93,TMEM47,transmembrane protein 47
101927971,0.00512,0.0002,0.4575,-3.719077,-1.7015206,46.74,LOC101927971,uncharacterized LOC101927971
340485,0.00523,0.000205,0.2829,-3.713006,-1.0504664,1563.56,ACER2,alkaline ceramidase 2
4099,0.00528,0.000207,0.7296,-3.710392,-2.7069696,17.31,MAG,myelin associated glycoprotein
100631383,0.00535,0.00021,0.3611,-3.706351,-1.3385039,176.6,FAM47E-STBD1,FAM47E-STBD1 readthrough
27071,0.00547,0.000215,0.2972,-3.700144,-1.0996824,135.9,DAPP1,dual adaptor of phosphotyrosine and 3-phosphoinositides 1
100049076,0.00547,0.000216,0.3739,3.699656,1.3833065,88.32,GUSBP17,GUSB pseudogene 17
153571,0.00549,0.000217,0.6361,-3.698577,-2.3525231,19.43,IRX2-DT,IRX2 divergent transcript
387712,0.00552,0.000218,0.2875,-3.697097,-1.062884,42.99,ENO4,enolase 4
7044,0.00557,0.000222,0.6917,-3.692358,-2.5538782,23.91,LEFTY2,left-right determination factor 2
6098,0.00557,0.000222,0.9274,-3.692809,-3.4245547,64.57,ROS1,"ROS proto-oncogene 1, receptor tyrosine kinase"
7223,0.00557,0.000222,0.7085,-3.69235,-2.6158607,48.84,TRPC4,transient receptor potential cation channel subfamily C member 4
59272,0.00592,0.000238,0.4053,-3.674758,-1.4892566,33.97,ACE2,angiotensin converting enzyme 2
153579,0.00593,0.000239,0.4398,-3.673653,-1.6157007,165.13,BTNL9,butyrophilin like 9
401089,0.00596,0.000241,0.8294,-3.672034,-3.045509,23.09,FOXL2NB,FOXL2 neighbor
101241902,0.00599,0.000243,0.3931,3.669648,1.4426897,11.85,C4orf46P3,C4orf46 pseudogene 3
130367,0.00617,0.000251,0.5821,-3.661078,-2.130974,21.13,SGPP2,sphingosine-1-phosphate phosphatase 2
5054,0.00622,0.000254,0.4499,-3.658257,-1.6457626,6740.04,SERPINE1,serpin family E member 1
79695,0.00625,0.000255,0.3934,-3.656883,-1.4385267,28.14,GALNT12,polypeptide N-acetylgalactosaminyltransferase 12
321,0.00634,0.000259,0.6153,-3.652847,-2.2476276,30.99,APBA2,amyloid beta precursor protein binding family A member 2
2854,0.00642,0.000264,0.6709,-3.648332,-2.4476124,27.12,GPR32,G protein-coupled receptor 32
94115,0.00643,0.000265,0.7498,-3.647631,-2.735058,1100.09,CGB8,chorionic gonadotropin subunit beta 8
6659,0.00644,0.000265,0.316,-3.647203,-1.1523815,161.3,SOX4,SRY-box transcription factor 4
147645,0.00644,0.000266,0.4528,-3.646798,-1.6511394,22.09,VSIG10L,V-set and immunoglobulin domain containing 10 like
126969,0.00665,0.000276,0.4564,-3.637107,-1.6601396,68.71,SLC44A3,solute carrier family 44 member 3
107161151,0.00666,0.000277,0.7864,-3.636341,-2.8595939,20.1,AOX3P-AOX2P,"AOX3P-AOX2P readthrough, transcribed pseudogene"
10686,0.00668,0.000279,0.6224,3.634494,2.2620597,37.14,CLDN16,claudin 16
2099,0.00668,0.000278,0.4611,-3.63472,-1.6759498,63.95,ESR1,estrogen receptor 1
100422943,0.00668,0.000278,0.433,-3.634902,-1.5738728,21.66,MIR3189,microRNA 3189
149461,0.0067,0.000279,0.5018,-3.633688,-1.8232688,161.61,CLDN19,claudin 19
121456,0.0067,0.00028,0.4316,-3.632689,-1.5680389,12.83,SLC9A7P1,solute carrier family 9 member 7 pseudogene 1
85352,0.0067,0.00028,0.7397,-3.632921,-2.6873704,36.32,SHISAL1,shisa like 1
639,0.00675,0.000283,0.4421,-3.630716,-1.6052051,120.69,PRDM1,PR/SET domain 1
3560,0.00679,0.000285,0.7683,-3.628734,-2.7878412,655.19,IL2RB,interleukin 2 receptor subunit beta
163702,0.00682,0.000288,0.3646,-3.626198,-1.3221429,20.2,IFNLR1,interferon lambda receptor 1
6890,0.00682,0.000288,0.2953,-3.626249,-1.0709489,188.05,TAP1,"transporter 1, ATP binding cassette subfamily B member"
952,0.0069,0.000292,0.5804,-3.621956,-2.102128,33.37,CD38,CD38 molecule
5033,0.00691,0.000293,0.2793,-3.621341,-1.0114767,347.0,P4HA1,prolyl 4-hydroxylase subunit alpha 1
56704,0.00694,0.000296,0.6006,-3.618412,-2.173041,15.82,JPH1,junctophilin 1
26220,0.00694,0.000296,0.709,-3.618631,-2.5656822,15.74,DGCR5,DiGeorge syndrome critical region gene 5
221935,0.00694,0.000297,0.2901,-3.617575,-1.0493414,132.86,SDK1,sidekick cell adhesion molecule 1
84959,0.00697,0.000299,0.2943,-3.615759,-1.064277,485.75,UBASH3B,ubiquitin associated and SH3 domain containing B
3556,0.00697,0.0003,0.3111,-3.615414,-1.1248645,1658.01,IL1RAP,interleukin 1 receptor accessory protein
2775,0.007,0.000301,0.5907,-3.614058,-2.1348419,27.64,GNAO1,G protein subunit alpha o1
283208,0.007,0.000302,0.6124,-3.61362,-2.2129644,43.75,P4HA3,prolyl 4-hydroxylase subunit alpha 3
146223,0.00737,0.00032,0.3206,-3.598143,-1.1533936,292.25,CMTM4,CKLF like MARVEL transmembrane domain containing 4
102724660,0.00742,0.000324,0.4229,-3.595559,-1.5204706,45.56,HILPDA-AS1,HILPDA antisense RNA 1
105370854,0.00757,0.000331,0.393,-3.589991,-1.4109886,46.14,LOC105370854,uncharacterized LOC105370854
11076,0.00758,0.000332,0.3207,-3.589172,-1.1509423,100.83,TPPP,tubulin polymerization promoting protein
102723885,0.00764,0.000335,0.3267,-3.586434,-1.1716673,28.73,SRI-AS1,SRI antisense RNA 1
5648,0.00765,0.000336,0.4011,-3.585872,-1.4384586,105.35,MASP1,MBL associated serine protease 1
89822,0.00771,0.000339,0.7572,3.583587,2.7134293,34.61,KCNK17,potassium two pore domain channel subfamily K member 17
26154,0.00773,0.000341,0.3827,-3.582309,-1.3708616,85.32,ABCA12,ATP binding cassette subfamily A member 12
7078,0.00774,0.000342,0.6586,-3.581423,-2.3586404,23229.33,TIMP3,TIMP metallopeptidase inhibitor 3
3798,0.00778,0.000344,0.6891,-3.579872,-2.4668947,24.11,KIF5A,kinesin family member 5A
105370056,0.0078,0.000346,0.5445,-3.57833,-1.9482731,22.24,LOC105370056,uncharacterized LOC105370056
401265,0.00784,0.000348,0.3209,-3.576648,-1.1479037,49.76,KLHL31,kelch like family member 31
5918,0.00788,0.00035,0.4366,-3.574976,-1.5607914,34.47,RARRES1,retinoic acid receptor responder 1
102723480,0.00801,0.000356,0.5652,-3.570568,-2.0180432,17.46,LOC102723480,uncharacterized LOC102723480
100132159,0.00812,0.000363,0.3266,-3.565599,-1.1644806,33.08,CALML3-AS1,CALML3 antisense RNA 1
4613,0.00825,0.000369,0.2885,-3.561156,-1.0273632,71.91,MYCN,"MYCN proto-oncogene, bHLH transcription factor"
109504726,0.00847,0.000381,0.3328,3.552653,1.1824151,919.13,ERV3-1-ZNF117,ERV3-1-ZNF117 readthrough
4047,0.00847,0.000381,0.3797,3.552586,1.3490809,530.75,LSS,lanosterol synthase
1439,0.00849,0.000383,0.2953,-3.551789,-1.0488702,2655.77,CSF2RB,colony stimulating factor 2 receptor subunit beta
7143,0.00861,0.00039,0.6357,-3.54661,-2.2544215,46.26,TNR,tenascin R
93659,0.00867,0.000393,0.7505,-3.544719,-2.6603594,823.52,CGB5,chorionic gonadotropin subunit beta 5
8685,0.00873,0.000397,0.7709,-3.541801,-2.7304965,25.38,MARCO,macrophage receptor with collagenous structure
1004,0.00875,0.000399,0.4613,3.540616,1.6331805,156.57,CDH6,cadherin 6
493861,0.0088,0.000402,0.3044,3.538803,1.0772098,31.66,EID3,EP300 interacting inhibitor of differentiation 3
109729127,0.00882,0.000404,0.2874,-3.537444,-1.0167105,321.93,KRT7-AS,KRT7 antisense RNA 1
119392,0.00893,0.000411,0.3569,-3.532917,-1.2607637,20.31,SFR1,SWI5 dependent homologous recombination repair protein 1
9201,0.00893,0.000411,0.7278,-3.533222,-2.5713107,22.53,DCLK1,doublecortin like kinase 1
57007,0.00893,0.000413,0.3332,3.531515,1.1767186,398.31,ACKR3,atypical chemokine receptor 3
147111,0.00893,0.000412,0.787,-3.532126,-2.7799435,2001.27,NOTUM,"notum, palmitoleoyl-protein carboxylesterase"
105374907,0.00904,0.000419,0.5069,3.528113,1.7884623,10.12,LOC105374907,
51148,0.00908,0.000422,0.3496,-3.526219,-1.2327152,791.35,CERCAM,cerebral endothelial cell adhesion molecule
143903,0.00908,0.000422,0.3996,-3.525883,-1.4087795,90.97,LAYN,layilin
4045,0.00911,0.000424,0.6045,-3.524702,-2.1307346,57.16,LSAMP,limbic system associated membrane protein
100874337,0.00915,0.000427,0.3869,3.52301,1.363174,15.21,PLCB1-IT1,PLCB1 intronic transcript 1
8076,0.00931,0.000436,0.4331,-3.517324,-1.5232993,1450.02,MFAP5,microfibril associated protein 5
163071,0.00941,0.000442,0.3325,-3.513745,-1.1682422,49.5,ZNF114,zinc finger protein 114
105375284,0.00952,0.000449,0.4248,-3.509281,-1.490694,47.5,LOC105375284,uncharacterized LOC105375284
9123,0.00968,0.000459,0.2946,-3.503689,-1.0321103,505.89,SLC16A3,solute carrier family 16 member 3
149428,0.01,0.00048,0.3117,-3.491829,-1.0884319,40.78,BNIPL,BCL2 interacting protein like
100288152,0.0102,0.000487,0.4512,-3.488031,-1.5738971,76.06,SLC9A3-AS1,SLC9A3 antisense RNA 1
4067,0.0102,0.000491,0.3261,-3.48575,-1.136529,789.73,LYN,"LYN proto-oncogene, Src family tyrosine kinase"
146227,0.0104,0.000503,0.3516,-3.479416,-1.2233153,57.28,BEAN1,brain expressed associated with NEDD4 1
4257,0.0107,0.000518,0.6516,-3.471069,-2.2617033,38.06,MGST1,microsomal glutathione S-transferase 1
124872,0.0111,0.000537,0.6684,-3.461356,-2.3136826,22.57,B4GALNT2,"beta-1,4-N-acetyl-galactosaminyltransferase 2"
3751,0.0111,0.000538,0.4817,-3.460969,-1.6672468,22.81,KCND2,potassium voltage-gated channel subfamily D member 2
101928317,0.0111,0.000539,0.3299,-3.460452,-1.1416114,18.31,LOC101928317,uncharacterized LOC101928317
56971,0.0113,0.000551,0.3027,-3.45481,-1.0458775,50.9,CEACAM19,CEA cell adhesion molecule 19
107985369,0.0114,0.000559,0.392,-3.450845,-1.3527613,23.38,LOC107985369,replaced by ID 64388
100861514,0.0117,0.000573,0.3052,3.444043,1.0510012,42.41,ELMO1-AS1,ELMO1 antisense RNA 1
102725228,0.0117,0.000573,0.5124,-3.444066,-1.7646952,11.66,LOC102725228,uncharacterized LOC102725228
100505570,0.0117,0.000578,0.3551,3.441723,1.2222532,36.5,LINC02708,long intergenic non-protein coding RNA 2708
439921,0.0118,0.000584,0.4908,-3.438906,-1.6879786,522.84,MXRA7,matrix remodeling associated 7
3620,0.0119,0.000587,0.2972,3.437609,1.021651,306.5,IDO1,"indoleamine 2,3-dioxygenase 1"
105376910,0.012,0.000596,0.4647,-3.433275,-1.5955993,214.31,LOC105376910,uncharacterized LOC105376910
401944,0.0122,0.000605,0.4142,-3.429167,-1.4204038,340.2,LDLRAD2,low density lipoprotein receptor class A domain containing 2
51316,0.0122,0.000607,0.7178,-3.428407,-2.4607997,254.76,PLAC8,placenta associated 8
1268,0.0122,0.000607,0.8582,-3.428309,-2.9422136,124.12,CNR1,cannabinoid receptor 1
2150,0.0122,0.00061,0.4111,-3.427013,-1.4088598,31.54,F2RL1,F2R like trypsin receptor 1
503638,0.0124,0.000621,0.323,-3.422252,-1.1053396,49.06,DUXAP9,double homeobox A pseudogene 9
107985999,0.0126,0.00063,0.5037,3.41842,1.7219226,15.51,LOC107985999,
65989,0.0126,0.00063,0.5092,-3.418374,-1.740638,21.92,DLK2,delta like non-canonical Notch ligand 2
100506411,0.0126,0.000634,0.6156,-3.416693,-2.1034855,12.74,MAP3K9-DT,MAP3K9 divergent transcript
117581,0.0126,0.000635,0.3857,-3.41634,-1.3178157,24.64,TWIST2,twist family bHLH transcription factor 2
9536,0.0126,0.000635,0.4103,-3.416106,-1.4016173,305.66,PTGES,prostaglandin E synthase
149175,0.0127,0.000637,0.4161,-3.415196,-1.4211134,14.33,MANEAL,mannosidase endo-alpha like
94274,0.0128,0.000643,0.3283,3.412863,1.1202997,34.25,PPP1R14A,protein phosphatase 1 regulatory inhibitor subunit 14A
2798,0.013,0.000662,0.4217,-3.404813,-1.4357234,14.65,GNRHR,gonadotropin releasing hormone receptor
400997,0.0134,0.000683,0.345,3.396179,1.1715317,33.04,ACOXL-AS1,ACOXL antisense RNA 1
105375787,0.0134,0.000683,0.3804,3.39626,1.2918013,12.33,LOC105375787,uncharacterized LOC105375787
57863,0.0136,0.000697,0.3379,3.390682,1.1457389,233.17,CADM3,cell adhesion molecule 3
4958,0.0136,0.000699,0.7154,-3.389981,-2.4252713,50.75,OMD,osteomodulin
1580,0.0137,0.000704,0.501,-3.387927,-1.6972248,33.52,CYP4B1,cytochrome P450 family 4 subfamily B member 1
80162,0.0137,0.000705,0.307,3.387749,1.040035,179.55,PGGHG,protein-glucosylgalactosylhydroxylysine glucosidase
90342,0.0138,0.000711,0.3353,-3.385354,-1.135134,89.86,FER1L5,fer-1 like family member 5
56301,0.0138,0.000712,0.5643,-3.38497,-1.9099753,22.98,SLC7A10,solute carrier family 7 member 10
132014,0.0138,0.000719,0.4531,-3.382119,-1.5324635,46.31,IL17RE,interleukin 17 receptor E
4286,0.0138,0.000719,0.3047,-3.382203,-1.0304766,52.68,MITF,melanocyte inducing transcription factor
105370058,0.0139,0.000727,0.5888,-3.379228,-1.9895443,24.52,LOC105370058,uncharacterized LOC105370058
3745,0.0141,0.000739,0.6139,-3.374825,-2.0718757,38.75,KCNB1,potassium voltage-gated channel subfamily B member 1
54498,0.0142,0.000747,0.4885,-3.371863,-1.6473075,35.13,SMOX,spermine oxidase
107985034,0.0143,0.000753,0.4183,-3.369658,-1.4095841,39.41,LOC107985034,uncharacterized LOC107985034
367,0.0144,0.000759,0.674,-3.367165,-2.2693628,27.81,AR,androgen receptor
64388,0.0145,0.000768,0.3938,-3.364033,-1.3248526,179.04,GREM2,"gremlin 2, DAN family BMP antagonist"
51676,0.0145,0.000772,0.6556,3.36256,2.2045115,51.34,ASB2,ankyrin repeat and SOCS box containing 2
5129,0.0148,0.000787,0.3051,3.357192,1.0241396,147.79,CDK18,cyclin dependent kinase 18
412,0.0148,0.000791,0.3357,-3.356056,-1.1266988,5961.84,STS,steroid sulfatase
644714,0.0149,0.000793,0.3783,-3.355077,-1.2692396,130.69,LIMD1-AS1,LIMD1 antisense RNA 1
643783,0.0149,0.000798,0.3589,3.353609,1.2036587,24.89,USP46-DT,USP46 divergent transcript
102723446,0.0149,0.000804,0.4801,-3.351466,-1.6091871,29.11,LOC102723446,uncharacterized LOC102723446
105376272,0.0149,0.000803,0.5101,-3.351652,-1.7096442,12.85,LOC105376272,uncharacterized LOC105376272
10281,0.0153,0.000827,0.3182,-3.343622,-1.063849,63.14,DSCR4,Down syndrome critical region 4
6550,0.0155,0.000839,0.327,-3.339516,-1.0920904,90.81,SLC9A3,solute carrier family 9 member A3
7280,0.0157,0.000858,0.3857,-3.333506,-1.2857778,112.48,TUBB2A,tubulin beta 2A class IIa
246,0.0157,0.000859,0.7199,-3.333088,-2.3994465,10.1,ALOX15,arachidonate 15-lipoxygenase
7980,0.0158,0.000863,0.3668,-3.331659,-1.2220041,35898.95,TFPI2,tissue factor pathway inhibitor 2
100132116,0.0159,0.000869,0.3397,3.329962,1.1313326,327.18,ACTA2-AS1,ACTA2 antisense RNA 1
3681,0.016,0.000878,0.6749,-3.326808,-2.245186,31.06,ITGAD,integrin subunit alpha D
1356,0.0162,0.000892,0.3641,-3.322694,-1.2098811,62.42,CP,ceruloplasmin
3576,0.0165,0.00091,0.5767,-3.316816,-1.9126939,23.46,CXCL8,C-X-C motif chemokine ligand 8
105378998,0.0165,0.000912,0.5066,-3.316473,-1.6802111,19.28,LOC105378998,uncharacterized LOC105378998
51351,0.0167,0.000923,0.3389,3.312981,1.1227199,1176.56,ZNF117,zinc finger protein 117
10166,0.0169,0.000934,0.3272,-3.30959,-1.0828395,55.99,SLC25A15,solute carrier family 25 member 15
7422,0.0169,0.00094,0.3086,-3.307902,-1.0206698,183.94,VEGFA,vascular endothelial growth factor A
100507639,0.0171,0.00095,0.6664,-3.305015,-2.2024971,18.27,LINC02432,long intergenic non-protein coding RNA 2432
1234,0.0174,0.000971,0.7257,-3.298864,-2.3939054,20.51,CCR5,C-C motif chemokine receptor 5
102724428,0.0174,0.00097,0.3472,-3.299084,-1.1455322,187.41,LOC102724428,salt inducible kinase 1B (putative)
10681,0.0176,0.000985,0.3816,-3.294761,-1.2573592,68.3,GNB5,G protein subunit beta 5
1117,0.0176,0.000992,0.4921,-3.292863,-1.6204468,40.17,CHI3L2,chitinase 3 like 2
6489,0.0176,0.000993,0.6686,-3.292423,-2.2012398,18.98,ST8SIA1,"ST8 alpha-N-acetyl-neuraminide alpha-2,8-sialyltransferase 1"
22866,0.0177,0.000999,0.8186,-3.290798,-2.6939796,26.85,CNKSR2,connector enhancer of kinase suppressor of Ras 2
6096,0.018,0.00102,0.9708,-3.285336,-3.1893122,221.9,RORB,RAR related orphan receptor B
30818,0.018,0.00102,0.375,3.284781,1.2317733,41.07,KCNIP3,potassium voltage-gated channel interacting protein 3
653188,0.0181,0.00103,0.3054,3.282416,1.0025567,50.9,GUSBP3,GUSB pseudogene 3
3625,0.0184,0.00105,0.4451,-3.276145,-1.4582852,17.92,INHBB,inhibin subunit beta B
105369295,0.0184,0.00105,0.3663,-3.276058,-1.1999135,32.83,SETD4-AS1,SETD4 antisense RNA 1
100505635,0.0187,0.00107,0.3571,3.27065,1.1679908,21.07,DAAM2-AS1,DAAM2 antisense RNA 1
8840,0.0188,0.00108,0.4091,-3.269148,-1.3374649,44.57,CCN4,cellular communication network factor 4
79152,0.0191,0.0011,0.6702,-3.263179,-2.1871334,10.96,FA2H,fatty acid 2-hydroxylase
26,0.0193,0.00111,0.7043,-3.260525,-2.2964706,8191.86,AOC1,amine oxidase copper containing 1
107984169,0.0193,0.00112,0.4972,-3.259564,-1.6205816,17.14,LOC107984169,
115827,0.0194,0.00112,0.702,-3.258448,-2.2874365,20.1,RAB3C,"RAB3C, member RAS oncogene family"
102724288,0.02,0.00117,0.6983,-3.247256,-2.2674832,14.95,LOC102724288,uncharacterized LOC102724288
10316,0.0201,0.00117,0.358,-3.24552,-1.1619917,32.44,NMUR1,neuromedin U receptor 1
55312,0.0203,0.00118,0.3824,-3.242928,-1.2400408,232.04,RFK,riboflavin kinase
107984131,0.0205,0.0012,0.3781,3.238856,1.2247011,115.62,LOC107984131,uncharacterized LOC107984131
5792,0.0206,0.0012,0.3492,-3.238028,-1.1306286,5979.15,PTPRF,protein tyrosine phosphatase receptor type F
55321,0.0207,0.00122,0.3674,3.234887,1.1886037,165.56,TMEM74B,transmembrane protein 74B
11010,0.0212,0.00125,0.3767,-3.227764,-1.2157836,273.15,GLIPR1,GLI pathogenesis related 1
105376238,0.0216,0.00128,0.4241,-3.220557,-1.3659061,18.09,LOC105376238,uncharacterized LOC105376238
146664,0.0216,0.00128,0.5003,-3.219327,-1.6106888,25.95,MGAT5B,"alpha-1,6-mannosylglycoprotein 6-beta-N-acetylglucosaminyltransferase B"
58529,0.0217,0.00129,0.5322,-3.217984,-1.7126725,16.17,MYOZ1,myozenin 1
254887,0.0217,0.00129,0.375,-3.217175,-1.2065025,43.31,ZDHHC23,zinc finger DHHC-type palmitoyltransferase 23
105369312,0.022,0.00131,0.7953,-3.213935,-2.5559827,18.67,LOC105369312,
23768,0.022,0.00131,0.6343,-3.213377,-2.0381806,95.1,FLRT2,fibronectin leucine rich transmembrane protein 2
64409,0.0225,0.00135,0.8174,-3.205761,-2.6205329,20.99,GALNT17,polypeptide N-acetylgalactosaminyltransferase 17
101928079,0.0225,0.00136,0.5102,-3.203482,-1.6343616,36.81,SLC44A3-AS1,SLC44A3 antisense RNA 1
6866,0.0225,0.00136,1.0403,-3.203783,-3.3329172,732.88,TAC3,tachykinin precursor 3
105371441,0.0227,0.00137,0.4067,-3.200792,-1.3018935,27.05,LOC105371441,
801,0.0229,0.00139,0.3442,-3.197673,-1.1007571,3523.04,CALM1,calmodulin 1
64072,0.023,0.00139,0.4195,-3.196188,-1.3409251,53.44,CDH23,cadherin related 23
8877,0.0233,0.00142,0.468,-3.191257,-1.493624,20.25,SPHK1,sphingosine kinase 1
102723696,0.0234,0.00143,0.3475,-3.18922,-1.1083523,32.77,LOC102723696,uncharacterized LOC102723696
2619,0.0234,0.00143,0.7113,-3.189009,-2.2683429,235.95,GAS1,growth arrest specific 1
100422997,0.0235,0.00144,0.3367,3.186654,1.0728227,38.89,MIR4257,microRNA 4257
125488,0.0236,0.00145,0.3829,-3.185477,-1.219583,40.68,TTC39C,tetratricopeptide repeat domain 39C
53834,0.0237,0.00146,0.435,-3.182838,-1.3845189,27.22,FGFRL1,fibroblast growth factor receptor like 1
79820,0.0237,0.00146,0.3703,3.182493,1.1784525,81.03,CATSPERB,cation channel sperm associated auxiliary subunit beta
644809,0.0237,0.00146,0.4065,-3.18232,-1.2934769,16.18,PAK6-AS1,PAK6 antisense RNA 1
6236,0.0242,0.00149,0.4159,-3.176076,-1.3210113,115.36,RRAD,"RRAD, Ras related glycolysis inhibitor and calcium channel regulator"
105374292,0.0247,0.00153,0.4307,-3.168992,-1.3650313,37.56,LOC105374292,uncharacterized LOC105374292
25769,0.0247,0.00153,0.766,-3.16914,-2.4275305,27.93,SLC24A2,solute carrier family 24 member 2
5210,0.0248,0.00154,0.3357,-3.167928,-1.0633313,224.98,PFKFB4,"6-phosphofructo-2-kinase/fructose-2,6-biphosphatase 4"
6934,0.0248,0.00154,0.3307,-3.166743,-1.0472481,334.14,TCF7L2,transcription factor 7 like 2
64283,0.0251,0.00157,0.5671,-3.162179,-1.7933488,50.92,ARHGEF28,Rho guanine nucleotide exchange factor 28
115196,0.0252,0.00157,0.3786,3.160519,1.1965039,576.17,ZNF554,zinc finger protein 554
5251,0.0253,0.00158,0.6582,-3.159152,-2.0793433,25.55,PHEX,phosphate regulating endopeptidase X-linked
11145,0.0255,0.00159,0.3175,-3.156827,-1.0024494,211.12,PLAAT3,phospholipase A and acyltransferase 3
4224,0.0255,0.0016,0.9511,-3.155979,-3.0016491,40.17,MEP1A,meprin A subunit alpha
135644,0.0256,0.00161,0.3449,3.154313,1.0878026,505.79,TRIM40,tripartite motif containing 40
91653,0.026,0.00165,0.3762,-3.147547,-1.1841826,39.97,BOC,"BOC cell adhesion associated, oncogene regulated"
107986193,0.026,0.00164,0.6525,-3.148307,-2.0543395,10.61,LOC107986193,uncharacterized LOC107986193
6674,0.026,0.00165,0.3234,-3.147441,-1.0180089,33.96,SPAG1,sperm associated antigen 1
3763,0.026,0.00165,0.6553,-3.147348,-2.0625456,41.15,KCNJ6,potassium inwardly rectifying channel subfamily J member 6
4057,0.0264,0.00168,0.8751,-3.142211,-2.7497896,108.37,LTF,lactotransferrin
54749,0.0264,0.00168,0.6277,-3.14152,-1.9720311,40.09,EPDR1,ependymin related 1
101927401,0.0267,0.0017,0.4518,-3.137818,-1.4176627,20.08,LOC101927401,uncharacterized LOC101927401
716,0.0267,0.0017,0.3623,-3.13785,-1.1367329,316.99,C1S,complement C1s
107986700,0.0272,0.00174,0.417,-3.131179,-1.305678,11.2,PRR15-DT,PRR15 divergent transcript
59,0.0274,0.00176,0.3612,3.127398,1.1296017,860.52,ACTA2,"actin alpha 2, smooth muscle"
107985282,0.0275,0.00177,0.4191,3.126668,1.3105024,16.6,LOC107985282,uncharacterized LOC107985282
5352,0.0276,0.00178,0.3428,-3.124604,-1.0712682,456.22,PLOD2,"procollagen-lysine,2-oxoglutarate 5-dioxygenase 2"
5979,0.0276,0.00178,0.6288,-3.12422,-1.9646111,23.99,RET,ret proto-oncogene
1951,0.0277,0.00179,0.3911,-3.1226,-1.2212707,46.72,CELSR3,cadherin EGF LAG seven-pass G-type receptor 3
1776,0.028,0.00182,0.6391,-3.118395,-1.9930184,42.61,DNASE1L3,deoxyribonuclease 1 like 3
25861,0.0281,0.00183,0.4552,-3.116923,-1.4188435,51.84,WHRN,whirlin
246213,0.0281,0.00183,0.7687,-3.11716,-2.3962379,12.01,SLC17A8,solute carrier family 17 member 8
147184,0.0282,0.00184,0.3476,-3.115673,-1.083139,25.54,KRT10-AS1,KRT10 antisense RNA 1
105379725,0.0288,0.00189,0.4722,-3.107408,-1.4674412,14.22,LOC105379725,uncharacterized LOC105379725
143662,0.0291,0.00191,0.4593,3.104625,1.4260189,1328.29,MUC15,"mucin 15, cell surface associated"
9630,0.0291,0.00191,0.3436,3.103601,1.0663868,60.97,GNA14,G protein subunit alpha 14
152110,0.0293,0.00193,0.6984,-3.101105,-2.1658133,51.78,NEK10,NIMA related kinase 10
103689912,0.0293,0.00193,0.3583,3.100417,1.1107362,20.61,TBX2-AS1,TBX2 antisense RNA 1
100505875,0.0293,0.00194,0.3611,3.098826,1.1188834,22.82,LINC01088,long intergenic non-protein coding RNA 1088
105377549,0.0293,0.00194,0.4577,-3.09975,-1.4188266,12.53,LOC105377549,uncharacterized LOC105377549
105376380,0.0293,0.00195,0.5033,-3.098351,-1.5592852,18.27,LOC105376380,uncharacterized LOC105376380
284233,0.0293,0.00194,0.5173,3.098703,1.6028978,33.27,CYP4F35P,"cytochrome P450 family 4 subfamily F member 35, pseudogene"
140825,0.0293,0.00195,0.4096,3.098048,1.2690916,12.48,NEURL2,neuralized E3 ubiquitin protein ligase 2
255187,0.0294,0.00195,0.3372,3.097392,1.0444098,30.37,SH3TC2-DT,SH3TC2 divergent transcript
9658,0.0297,0.00199,0.3577,-3.092391,-1.1060609,122.99,ZNF516,zinc finger protein 516
346673,0.0301,0.00201,0.5057,-3.088313,-1.5619115,24.08,STRA8,stimulated by retinoic acid 8
254559,0.0306,0.00205,0.4476,-3.082647,-1.3798316,71.22,MIR9-3HG,MIR9-3 host gene
107987129,0.0309,0.00208,0.6671,-3.078517,-2.0535576,24.02,LOC107987129,uncharacterized LOC107987129
100874234,0.0311,0.0021,0.3742,3.075671,1.1508709,15.67,CACNA1C-AS4,CACNA1C antisense RNA 4
139065,0.0312,0.00211,0.5663,-3.074344,-1.7410805,23.67,SLITRK4,SLIT and NTRK like family member 4
3739,0.0317,0.00214,0.5194,-3.069559,-1.5942206,18.98,KCNA4,potassium voltage-gated channel subfamily A member 4
2940,0.0319,0.00216,0.3441,3.067389,1.0554169,92.26,GSTA3,glutathione S-transferase alpha 3
4601,0.0319,0.00216,0.3538,-3.066878,-1.0851364,231.62,MXI1,"MAX interactor 1, dimerization protein"
27233,0.032,0.00217,0.3318,3.06557,1.0171404,61.32,SULT1C4,sulfotransferase family 1C member 4
2359,0.0321,0.00218,0.404,-3.064875,-1.2380984,31.71,FPR3,formyl peptide receptor 3
116844,0.0322,0.00219,0.3644,-3.063658,-1.1165472,18.24,LRG1,leucine rich alpha-2-glycoprotein 1
3743,0.0322,0.00219,0.5794,-3.062992,-1.7748018,26.52,KCNA7,potassium voltage-gated channel subfamily A member 7
107984312,0.0324,0.0022,0.5353,-3.061205,-1.6385438,20.47,LOC107984312,
163259,0.0326,0.00222,0.6565,-3.059166,-2.0081955,17.36,DENND2C,DENN domain containing 2C
124535,0.0332,0.00227,0.3785,-3.05289,-1.155497,18.81,HSF5,heat shock transcription factor 5
100271927,0.0334,0.00228,0.4166,3.050551,1.2707385,301.75,RASA4B,RAS p21 protein activator 4B
400831,0.0334,0.00229,0.4513,3.049562,1.3762212,13.64,C20orf202,chromosome 20 open reading frame 202
107984016,0.0334,0.0023,0.4869,-3.049127,-1.4847229,23.26,LOC107984016,uncharacterized LOC107984016
107984089,0.0335,0.0023,0.4069,-3.048351,-1.2404449,38.74,LOC107984089,uncharacterized LOC107984089
109910382,0.0338,0.00233,0.4977,3.045106,1.5156338,2229.49,RNA28SN3,"RNA, 28S ribosomal N3"
165186,0.034,0.00235,0.8149,-3.042397,-2.479339,38.88,TOGARAM2,TOG array regulator of axonemal microtubules 2
100873940,0.0343,0.00237,0.3646,3.039877,1.1082887,13.66,MYLK-AS2,MYLK antisense RNA 2
1804,0.0343,0.00237,0.7618,-3.039968,-2.3159677,30.22,DPP6,dipeptidyl peptidase like 6
93145,0.0344,0.00238,0.3371,3.038786,1.0242822,33.77,OLFM2,olfactomedin 2
89958,0.0345,0.00239,0.5184,-3.037472,-1.5746632,14.27,SAPCD2,suppressor APC domain containing 2
347252,0.0346,0.0024,0.6727,-3.03617,-2.0425662,17.44,IGFBPL1,insulin like growth factor binding protein like 1
105376871,0.0347,0.0024,0.461,-3.035368,-1.3993757,27.48,GRHL3-AS1,GRHL3 antisense RNA 1
79896,0.0347,0.00241,0.3689,-3.035044,-1.1196077,19.46,THNSL1,threonine synthase like 1
51252,0.0348,0.00242,0.6178,-3.03372,-1.8740857,21.05,FAM178B,family with sequence similarity 178 member B
79679,0.0348,0.00242,0.5976,-3.033172,-1.8127171,20.45,VTCN1,V-set domain containing T cell activation inhibitor 1
57419,0.0348,0.00242,0.352,-3.032991,-1.0676367,55.94,SLC24A3,solute carrier family 24 member 3
1286,0.0348,0.00242,0.4981,-3.0327,-1.5106554,59.43,COL4A4,collagen type IV alpha 4 chain
105369475,0.0353,0.00248,0.5341,3.026261,1.6163457,12.15,LOC105369475,uncharacterized LOC105369475
399717,0.0362,0.00255,0.3957,-3.017178,-1.1938518,25.19,GATA3-AS1,GATA3 antisense RNA 1
406924,0.0364,0.00257,0.4352,3.015079,1.3122296,11.71,MIR134,microRNA 134
196264,0.037,0.00263,0.5072,-3.008502,-1.5259574,20.31,MPZL3,myelin protein zero like 3
8001,0.0371,0.00264,0.7015,-3.006717,-2.1092576,18.91,GLRA3,glycine receptor alpha 3
4555,0.0371,0.00265,0.7305,-3.00589,-2.1958079,56.78,TRND,tRNA-Asp
100127888,0.0373,0.00266,0.61,-3.004166,-1.8326034,32.24,SLCO4A1-AS1,SLCO4A1 antisense RNA 1
6504,0.0378,0.00271,0.6152,2.999051,1.8450084,30.55,SLAMF1,signaling lymphocytic activation molecule family member 1
5270,0.0382,0.00274,0.6834,-2.995206,-2.0469347,5498.65,SERPINE2,serpin family E member 2
11033,0.0382,0.00274,0.3649,-2.995073,-1.0929117,33.62,ADAP1,ArfGAP with dual PH domains 1
5099,0.0382,0.00275,0.7264,-2.994486,-2.1751614,21.74,PCDH7,protocadherin 7
107986872,0.0382,0.00275,0.619,-2.994274,-1.8536003,15.9,LOC107986872,uncharacterized LOC107986872
5046,0.0384,0.00277,0.4155,-2.992556,-1.2433191,360.99,PCSK6,proprotein convertase subtilisin/kexin type 6
150094,0.0389,0.00281,0.354,-2.988261,-1.0577849,179.09,SIK1,salt inducible kinase 1
152831,0.0391,0.00283,0.468,-2.985685,-1.3972169,18.29,KLB,klotho beta
80329,0.0393,0.00285,0.7789,-2.983005,-2.3233606,13.04,ULBP1,UL16 binding protein 1
26575,0.0393,0.00286,0.3958,-2.982893,-1.1805412,20.44,RGS17,regulator of G protein signaling 17
3371,0.0393,0.00285,0.4285,-2.983133,-1.2782479,108.5,TNC,tenascin C
26166,0.0397,0.00289,0.5492,-2.97921,-1.6360978,25.26,RGS22,regulator of G protein signaling 22
105376239,0.0399,0.00292,0.5257,-2.97607,-1.5643823,27.97,LOC105376239,uncharacterized LOC105376239
10267,0.0403,0.00295,0.5477,-2.972722,-1.6282302,28.42,RAMP1,receptor activity modifying protein 1
54456,0.0404,0.00296,0.5365,-2.971604,-1.594396,31.62,MOV10L1,Mov10 like RISC complex RNA helicase 1
100653515,0.0408,0.003,0.3502,2.968114,1.0393335,222.91,CEP295NL,CEP295 N-terminal like
101928034,0.0409,0.00301,0.5005,-2.966374,-1.4847667,18.62,LOC101928034,uncharacterized LOC101928034
442319,0.0411,0.00303,0.8692,-2.965163,-2.5772885,18.86,ZNF727,zinc finger protein 727
641467,0.0414,0.00306,0.3613,-2.9619,-1.0699931,23.1,TSC22D1-AS1,TSC22D1 antisense RNA 1
105376095,0.0415,0.00307,0.5757,-2.960368,-1.7042693,29.68,LOC105376095,uncharacterized LOC105376095
2256,0.042,0.00311,0.4881,-2.956261,-1.4428259,15.58,FGF11,fibroblast growth factor 11
105373102,0.042,0.00312,0.37,2.956152,1.093836,44.09,LOC105373102,uncharacterized LOC105373102
541468,0.042,0.00312,0.3709,2.95557,1.0960958,25.96,LURAP1,leucine rich adaptor protein 1
107986461,0.042,0.00312,0.6363,-2.955349,-1.8805012,16.49,LOC107986461,uncharacterized LOC107986461
107986632,0.0421,0.00314,0.5844,-2.953627,-1.7262084,79.15,LOC107986632,uncharacterized LOC107986632
84675,0.0421,0.00314,0.3932,-2.953257,-1.1611305,25.34,TRIM55,tripartite motif containing 55
105373159,0.0427,0.0032,0.4702,-2.948076,-1.386196,15.45,RAB4A-AS1,RAB4A antisense RNA 1
150786,0.0431,0.00322,0.3765,-2.945532,-1.1091282,19.82,RAB6D,"RAB6D, member RAS oncogene family"
107984581,0.0435,0.00326,0.73,-2.942263,-2.1479823,26.53,LOC107984581,
100130460,0.0436,0.00328,0.4132,-2.94066,-1.2151068,10.72,CAND1.11,uncharacterized LOC100130460
80161,0.0439,0.00331,0.3525,2.937531,1.0355922,141.03,ASMTL-AS1,ASMTL antisense RNA 1
23245,0.044,0.00332,0.4368,-2.936551,-1.2828236,51.28,ASTN2,astrotactin 2
100189071,0.0442,0.00334,0.5514,-2.934229,-1.6178916,11.54,TRI-AAT2-1,tRNA-Ile (anticodon AAT) 2-1
79783,0.0443,0.00336,0.6584,-2.933174,-1.9311931,31.04,SUGCT,succinyl-CoA:glutarate-CoA transferase
151306,0.045,0.00342,0.3797,-2.927472,-1.1116748,32.67,GPBAR1,G protein-coupled bile acid receptor 1
51761,0.0453,0.00344,0.5242,-2.925542,-1.5334886,88.16,ATP8A2,ATPase phospholipid transporting 8A2
100189067,0.0457,0.00349,0.6318,-2.921221,-1.845723,9.77,TRL-TAA4-1,tRNA-Leu (anticodon TAA) 4-1
6275,0.0457,0.00349,0.4537,-2.920629,-1.3250912,74.76,S100A4,S100 calcium binding protein A4
145501,0.0462,0.00355,0.5954,-2.915985,-1.7361656,3702.18,ISM2,isthmin 2
316,0.0467,0.00359,0.4066,-2.9125,-1.1842921,209.28,AOX1,aldehyde oxidase 1
221091,0.0468,0.0036,0.6611,-2.910989,-1.9244845,15.73,LRRN4CL,LRRN4 C-terminal like
89927,0.0469,0.00362,0.5229,-2.90932,-1.5213385,12.52,BMERB1,bMERB domain containing 1
79570,0.0471,0.00364,0.6254,-2.907678,-1.818364,16.97,NKAIN1,sodium/potassium transporting ATPase interacting 1
57158,0.0472,0.00365,0.3863,-2.906545,-1.1228511,164.32,JPH2,junctophilin 2
8728,0.0476,0.00369,0.3768,-2.903446,-1.094101,1502.66,ADAM19,ADAM metallopeptidase domain 19
5174,0.0476,0.00369,0.5049,-2.903187,-1.465811,25.73,PDZK1,PDZ domain containing 1
105374693,0.0481,0.00375,0.4546,2.898502,1.317711,13.39,LINC02211,long intergenic non-protein coding RNA 2211
146330,0.0482,0.00376,0.6073,-2.89791,-1.7599973,16.71,FBXL16,F-box and leucine rich repeat protein 16
105369559,0.0485,0.00379,0.7662,-2.894912,-2.2179682,22.41,LOC105369559,uncharacterized LOC105369559
90529,0.0485,0.0038,0.3722,-2.894678,-1.0774326,21.12,STPG1,sperm tail PG-rich repeat containing 1
153768,0.0492,0.00385,0.6666,-2.889832,-1.9263014,38.05,PRELID2,PRELI domain containing 2
150759,0.0492,0.00386,0.3984,2.889522,1.1510549,56.45,LINC00342,long intergenic non-protein coding RNA 342
480,0.0497,0.00391,0.4836,-2.885363,-1.3954243,82.0,ATP1A4,ATPase Na+/K+ transporting subunit alpha 4
